----- Протокол ----- Дата: 18.12.2025 четверг 13:06:07 

----- Параметры -----
-log: C:\Users\user\work_space\Laboratory_work\AAR-2025\Files\in.txt.log
-out: C:\Users\user\work_space\Laboratory_work\AAR-2025\Files\in.txt.asm
-in: C:\Users\user\work_space\Laboratory_work\AAR-2025\Files\in.txt

----- Исходные данные -----
Количество символов	: 3586
Проигнорировано		: 0
Количество строк	: 201

Шаг :Правило             Входная лента                 Стек                
0   :S->tfi(F){NrU;}S    tfi(tpi,tpi){wl;wi;wi;tvi     S$                  
1   : SAVESTATE:          1
1   :                    tfi(tpi,tpi){wl;wi;wi;tvi     tfi(F){NrU;}S$      
2   :                    fi(tpi,tpi){wl;wi;wi;tvi;     fi(F){NrU;}S$       
3   :                    i(tpi,tpi){wl;wi;wi;tvi;?     i(F){NrU;}S$        
4   :                    (tpi,tpi){wl;wi;wi;tvi;?(     (F){NrU;}S$         
5   :                    tpi,tpi){wl;wi;wi;tvi;?(i     F){NrU;}S$          
6   :F->tP               tpi,tpi){wl;wi;wi;tvi;?(i     F){NrU;}S$          
7   : SAVESTATE:          2
7   :                    tpi,tpi){wl;wi;wi;tvi;?(i     tP){NrU;}S$         
8   :                    pi,tpi){wl;wi;wi;tvi;?(i&     P){NrU;}S$          
9   :P->pi               pi,tpi){wl;wi;wi;tvi;?(i&     P){NrU;}S$          
10  : SAVESTATE:          3
10  :                    pi,tpi){wl;wi;wi;tvi;?(i&     pi){NrU;}S$         
11  :                    i,tpi){wl;wi;wi;tvi;?(i&i     i){NrU;}S$          
12  :                    ,tpi){wl;wi;wi;tvi;?(i&i)     ){NrU;}S$           
13  : TNS_NS_NORULECHAIN/NS_NORULE
13  : RESTATE             
13  :                    pi,tpi){wl;wi;wi;tvi;?(i&     P){NrU;}S$          
14  : TNS_NS_NORULECHAIN/NS_NORULE
14  : RESTATE             
14  :                    tpi,tpi){wl;wi;wi;tvi;?(i     F){NrU;}S$          
15  :F->tP,F             tpi,tpi){wl;wi;wi;tvi;?(i     F){NrU;}S$          
16  : SAVESTATE:          2
16  :                    tpi,tpi){wl;wi;wi;tvi;?(i     tP,F){NrU;}S$       
17  :                    pi,tpi){wl;wi;wi;tvi;?(i&     P,F){NrU;}S$        
18  :P->pi               pi,tpi){wl;wi;wi;tvi;?(i&     P,F){NrU;}S$        
19  : SAVESTATE:          3
19  :                    pi,tpi){wl;wi;wi;tvi;?(i&     pi,F){NrU;}S$       
20  :                    i,tpi){wl;wi;wi;tvi;?(i&i     i,F){NrU;}S$        
21  :                    ,tpi){wl;wi;wi;tvi;?(i&i)     ,F){NrU;}S$         
22  :                    tpi){wl;wi;wi;tvi;?(i&i):     F){NrU;}S$          
23  :F->tP               tpi){wl;wi;wi;tvi;?(i&i):     F){NrU;}S$          
24  : SAVESTATE:          4
24  :                    tpi){wl;wi;wi;tvi;?(i&i):     tP){NrU;}S$         
25  :                    pi){wl;wi;wi;tvi;?(i&i):{     P){NrU;}S$          
26  :P->pi               pi){wl;wi;wi;tvi;?(i&i):{     P){NrU;}S$          
27  : SAVESTATE:          5
27  :                    pi){wl;wi;wi;tvi;?(i&i):{     pi){NrU;}S$         
28  :                    i){wl;wi;wi;tvi;?(i&i):{w     i){NrU;}S$          
29  :                    ){wl;wi;wi;tvi;?(i&i):{wl     ){NrU;}S$           
30  :                    {wl;wi;wi;tvi;?(i&i):{wl;     {NrU;}S$            
31  :                    wl;wi;wi;tvi;?(i&i):{wl;}     NrU;}S$             
32  :N->wE;N             wl;wi;wi;tvi;?(i&i):{wl;}     NrU;}S$             
33  : SAVESTATE:          6
33  :                    wl;wi;wi;tvi;?(i&i):{wl;}     wE;NrU;}S$          
34  :                    l;wi;wi;tvi;?(i&i):{wl;}!     E;NrU;}S$           
35  :E->lM               l;wi;wi;tvi;?(i&i):{wl;}!     E;NrU;}S$           
36  : SAVESTATE:          7
36  :                    l;wi;wi;tvi;?(i&i):{wl;}!     lM;NrU;}S$          
37  :                    ;wi;wi;tvi;?(i&i):{wl;}!{     M;NrU;}S$           
38  :M->                 ;wi;wi;tvi;?(i&i):{wl;}!{     M;NrU;}S$           
39  : SAVESTATE:          8
39  :                    ;wi;wi;tvi;?(i&i):{wl;}!{     ;NrU;}S$            
40  :                    wi;wi;tvi;?(i&i):{wl;}!{?     NrU;}S$             
41  :N->wE;N             wi;wi;tvi;?(i&i):{wl;}!{?     NrU;}S$             
42  : SAVESTATE:          9
42  :                    wi;wi;tvi;?(i&i):{wl;}!{?     wE;NrU;}S$          
43  :                    i;wi;tvi;?(i&i):{wl;}!{?(     E;NrU;}S$           
44  :E->iM               i;wi;tvi;?(i&i):{wl;}!{?(     E;NrU;}S$           
45  : SAVESTATE:          10
45  :                    i;wi;tvi;?(i&i):{wl;}!{?(     iM;NrU;}S$          
46  :                    ;wi;tvi;?(i&i):{wl;}!{?(i     M;NrU;}S$           
47  :M->                 ;wi;tvi;?(i&i):{wl;}!{?(i     M;NrU;}S$           
48  : SAVESTATE:          11
48  :                    ;wi;tvi;?(i&i):{wl;}!{?(i     ;NrU;}S$            
49  :                    wi;tvi;?(i&i):{wl;}!{?(i>     NrU;}S$             
50  :N->wE;N             wi;tvi;?(i&i):{wl;}!{?(i>     NrU;}S$             
51  : SAVESTATE:          12
51  :                    wi;tvi;?(i&i):{wl;}!{?(i>     wE;NrU;}S$          
52  :                    i;tvi;?(i&i):{wl;}!{?(i>i     E;NrU;}S$           
53  :E->iM               i;tvi;?(i&i):{wl;}!{?(i>i     E;NrU;}S$           
54  : SAVESTATE:          13
54  :                    i;tvi;?(i&i):{wl;}!{?(i>i     iM;NrU;}S$          
55  :                    ;tvi;?(i&i):{wl;}!{?(i>i)     M;NrU;}S$           
56  :M->                 ;tvi;?(i&i):{wl;}!{?(i>i)     M;NrU;}S$           
57  : SAVESTATE:          14
57  :                    ;tvi;?(i&i):{wl;}!{?(i>i)     ;NrU;}S$            
58  :                    tvi;?(i&i):{wl;}!{?(i>i):     NrU;}S$             
59  :N->tY;N             tvi;?(i&i):{wl;}!{?(i>i):     NrU;}S$             
60  : SAVESTATE:          15
60  :                    tvi;?(i&i):{wl;}!{?(i>i):     tY;NrU;}S$          
61  :                    vi;?(i&i):{wl;}!{?(i>i):{     Y;NrU;}S$           
62  :Y->vi               vi;?(i&i):{wl;}!{?(i>i):{     Y;NrU;}S$           
63  : SAVESTATE:          16
63  :                    vi;?(i&i):{wl;}!{?(i>i):{     vi;NrU;}S$          
64  :                    i;?(i&i):{wl;}!{?(i>i):{w     i;NrU;}S$           
65  :                    ;?(i&i):{wl;}!{?(i>i):{wl     ;NrU;}S$            
66  :                    ?(i&i):{wl;}!{?(i>i):{wl;     NrU;}S$             
67  :N->?KJN             ?(i&i):{wl;}!{?(i>i):{wl;     NrU;}S$             
68  : SAVESTATE:          17
68  :                    ?(i&i):{wl;}!{?(i>i):{wl;     ?KJNrU;}S$          
69  :                    (i&i):{wl;}!{?(i>i):{wl;}     KJNrU;}S$           
70  :K->(U<U)            (i&i):{wl;}!{?(i>i):{wl;}     KJNrU;}S$           
71  : SAVESTATE:          18
71  :                    (i&i):{wl;}!{?(i>i):{wl;}     (U<U)JNrU;}S$       
72  :                    i&i):{wl;}!{?(i>i):{wl;}!     U<U)JNrU;}S$        
73  :U->i                i&i):{wl;}!{?(i>i):{wl;}!     U<U)JNrU;}S$        
74  : SAVESTATE:          19
74  :                    i&i):{wl;}!{?(i>i):{wl;}!     i<U)JNrU;}S$        
75  :                    &i):{wl;}!{?(i>i):{wl;}!{     <U)JNrU;}S$         
76  : TNS_NS_NORULECHAIN/NS_NORULE
76  : RESTATE             
76  :                    i&i):{wl;}!{?(i>i):{wl;}!     U<U)JNrU;}S$        
77  :U->iU               i&i):{wl;}!{?(i>i):{wl;}!     U<U)JNrU;}S$        
78  : SAVESTATE:          19
78  :                    i&i):{wl;}!{?(i>i):{wl;}!     iU<U)JNrU;}S$       
79  :                    &i):{wl;}!{?(i>i):{wl;}!{     U<U)JNrU;}S$        
80  : TNS_NS_NORULECHAIN/NS_NORULE
80  : RESTATE             
80  :                    i&i):{wl;}!{?(i>i):{wl;}!     U<U)JNrU;}S$        
81  :U->i,U              i&i):{wl;}!{?(i>i):{wl;}!     U<U)JNrU;}S$        
82  : SAVESTATE:          19
82  :                    i&i):{wl;}!{?(i>i):{wl;}!     i,U<U)JNrU;}S$      
83  :                    &i):{wl;}!{?(i>i):{wl;}!{     ,U<U)JNrU;}S$       
84  : TNS_NS_NORULECHAIN/NS_NORULE
84  : RESTATE             
84  :                    i&i):{wl;}!{?(i>i):{wl;}!     U<U)JNrU;}S$        
85  : TNS_NS_NORULECHAIN/NS_NORULE
85  : RESTATE             
85  :                    (i&i):{wl;}!{?(i>i):{wl;}     KJNrU;}S$           
86  :K->(U>U)            (i&i):{wl;}!{?(i>i):{wl;}     KJNrU;}S$           
87  : SAVESTATE:          18
87  :                    (i&i):{wl;}!{?(i>i):{wl;}     (U>U)JNrU;}S$       
88  :                    i&i):{wl;}!{?(i>i):{wl;}!     U>U)JNrU;}S$        
89  :U->i                i&i):{wl;}!{?(i>i):{wl;}!     U>U)JNrU;}S$        
90  : SAVESTATE:          19
90  :                    i&i):{wl;}!{?(i>i):{wl;}!     i>U)JNrU;}S$        
91  :                    &i):{wl;}!{?(i>i):{wl;}!{     >U)JNrU;}S$         
92  : TNS_NS_NORULECHAIN/NS_NORULE
92  : RESTATE             
92  :                    i&i):{wl;}!{?(i>i):{wl;}!     U>U)JNrU;}S$        
93  :U->iU               i&i):{wl;}!{?(i>i):{wl;}!     U>U)JNrU;}S$        
94  : SAVESTATE:          19
94  :                    i&i):{wl;}!{?(i>i):{wl;}!     iU>U)JNrU;}S$       
95  :                    &i):{wl;}!{?(i>i):{wl;}!{     U>U)JNrU;}S$        
96  : TNS_NS_NORULECHAIN/NS_NORULE
96  : RESTATE             
96  :                    i&i):{wl;}!{?(i>i):{wl;}!     U>U)JNrU;}S$        
97  :U->i,U              i&i):{wl;}!{?(i>i):{wl;}!     U>U)JNrU;}S$        
98  : SAVESTATE:          19
98  :                    i&i):{wl;}!{?(i>i):{wl;}!     i,U>U)JNrU;}S$      
99  :                    &i):{wl;}!{?(i>i):{wl;}!{     ,U>U)JNrU;}S$       
100 : TNS_NS_NORULECHAIN/NS_NORULE
100 : RESTATE             
100 :                    i&i):{wl;}!{?(i>i):{wl;}!     U>U)JNrU;}S$        
101 : TNS_NS_NORULECHAIN/NS_NORULE
101 : RESTATE             
101 :                    (i&i):{wl;}!{?(i>i):{wl;}     KJNrU;}S$           
102 :K->(U&U)            (i&i):{wl;}!{?(i>i):{wl;}     KJNrU;}S$           
103 : SAVESTATE:          18
103 :                    (i&i):{wl;}!{?(i>i):{wl;}     (U&U)JNrU;}S$       
104 :                    i&i):{wl;}!{?(i>i):{wl;}!     U&U)JNrU;}S$        
105 :U->i                i&i):{wl;}!{?(i>i):{wl;}!     U&U)JNrU;}S$        
106 : SAVESTATE:          19
106 :                    i&i):{wl;}!{?(i>i):{wl;}!     i&U)JNrU;}S$        
107 :                    &i):{wl;}!{?(i>i):{wl;}!{     &U)JNrU;}S$         
108 :                    i):{wl;}!{?(i>i):{wl;}!{?     U)JNrU;}S$          
109 :U->i                i):{wl;}!{?(i>i):{wl;}!{?     U)JNrU;}S$          
110 : SAVESTATE:          20
110 :                    i):{wl;}!{?(i>i):{wl;}!{?     i)JNrU;}S$          
111 :                    ):{wl;}!{?(i>i):{wl;}!{?(     )JNrU;}S$           
112 :                    :{wl;}!{?(i>i):{wl;}!{?(i     JNrU;}S$            
113 :J->:{N}             :{wl;}!{?(i>i):{wl;}!{?(i     JNrU;}S$            
114 : SAVESTATE:          21
114 :                    :{wl;}!{?(i>i):{wl;}!{?(i     :{N}NrU;}S$         
115 :                    {wl;}!{?(i>i):{wl;}!{?(i<     {N}NrU;}S$          
116 :                    wl;}!{?(i>i):{wl;}!{?(i<i     N}NrU;}S$           
117 :N->wE;N             wl;}!{?(i>i):{wl;}!{?(i<i     N}NrU;}S$           
118 : SAVESTATE:          22
118 :                    wl;}!{?(i>i):{wl;}!{?(i<i     wE;N}NrU;}S$        
119 :                    l;}!{?(i>i):{wl;}!{?(i<i)     E;N}NrU;}S$         
120 :E->lM               l;}!{?(i>i):{wl;}!{?(i<i)     E;N}NrU;}S$         
121 : SAVESTATE:          23
121 :                    l;}!{?(i>i):{wl;}!{?(i<i)     lM;N}NrU;}S$        
122 :                    ;}!{?(i>i):{wl;}!{?(i<i):     M;N}NrU;}S$         
123 :M->                 ;}!{?(i>i):{wl;}!{?(i<i):     M;N}NrU;}S$         
124 : SAVESTATE:          24
124 :                    ;}!{?(i>i):{wl;}!{?(i<i):     ;N}NrU;}S$          
125 :                    }!{?(i>i):{wl;}!{?(i<i):{     N}NrU;}S$           
126 :N->                 }!{?(i>i):{wl;}!{?(i<i):{     N}NrU;}S$           
127 : SAVESTATE:          25
127 :                    }!{?(i>i):{wl;}!{?(i<i):{     }NrU;}S$            
128 :                    !{?(i>i):{wl;}!{?(i<i):{w     NrU;}S$             
129 :N->                 !{?(i>i):{wl;}!{?(i<i):{w     NrU;}S$             
130 : SAVESTATE:          26
130 :                    !{?(i>i):{wl;}!{?(i<i):{w     rU;}S$              
131 : TNS_NS_NORULECHAIN/NS_NORULE
131 : RESTATE             
131 :                    !{?(i>i):{wl;}!{?(i<i):{w     NrU;}S$             
132 : TNS_NS_NORULECHAIN/NS_NORULE
132 : RESTATE             
132 :                    }!{?(i>i):{wl;}!{?(i<i):{     N}NrU;}S$           
133 : TNS_NS_NORULECHAIN/NS_NORULE
133 : RESTATE             
133 :                    ;}!{?(i>i):{wl;}!{?(i<i):     M;N}NrU;}S$         
134 : TNS_NS_NORULECHAIN/NS_NORULE
134 : RESTATE             
134 :                    l;}!{?(i>i):{wl;}!{?(i<i)     E;N}NrU;}S$         
135 : TNS_NS_NORULECHAIN/NS_NORULE
135 : RESTATE             
135 :                    wl;}!{?(i>i):{wl;}!{?(i<i     N}NrU;}S$           
136 :N->                 wl;}!{?(i>i):{wl;}!{?(i<i     N}NrU;}S$           
137 : SAVESTATE:          22
137 :                    wl;}!{?(i>i):{wl;}!{?(i<i     }NrU;}S$            
138 : TNS_NS_NORULECHAIN/NS_NORULE
138 : RESTATE             
138 :                    wl;}!{?(i>i):{wl;}!{?(i<i     N}NrU;}S$           
139 : TNS_NS_NORULECHAIN/NS_NORULE
139 : RESTATE             
139 :                    :{wl;}!{?(i>i):{wl;}!{?(i     JNrU;}S$            
140 :J->:{N}!{N}         :{wl;}!{?(i>i):{wl;}!{?(i     JNrU;}S$            
141 : SAVESTATE:          21
141 :                    :{wl;}!{?(i>i):{wl;}!{?(i     :{N}!{N}NrU;}S$     
142 :                    {wl;}!{?(i>i):{wl;}!{?(i<     {N}!{N}NrU;}S$      
143 :                    wl;}!{?(i>i):{wl;}!{?(i<i     N}!{N}NrU;}S$       
144 :N->wE;N             wl;}!{?(i>i):{wl;}!{?(i<i     N}!{N}NrU;}S$       
145 : SAVESTATE:          22
145 :                    wl;}!{?(i>i):{wl;}!{?(i<i     wE;N}!{N}NrU;}S$    
146 :                    l;}!{?(i>i):{wl;}!{?(i<i)     E;N}!{N}NrU;}S$     
147 :E->lM               l;}!{?(i>i):{wl;}!{?(i<i)     E;N}!{N}NrU;}S$     
148 : SAVESTATE:          23
148 :                    l;}!{?(i>i):{wl;}!{?(i<i)     lM;N}!{N}NrU;}S$    
149 :                    ;}!{?(i>i):{wl;}!{?(i<i):     M;N}!{N}NrU;}S$     
150 :M->                 ;}!{?(i>i):{wl;}!{?(i<i):     M;N}!{N}NrU;}S$     
151 : SAVESTATE:          24
151 :                    ;}!{?(i>i):{wl;}!{?(i<i):     ;N}!{N}NrU;}S$      
152 :                    }!{?(i>i):{wl;}!{?(i<i):{     N}!{N}NrU;}S$       
153 :N->                 }!{?(i>i):{wl;}!{?(i<i):{     N}!{N}NrU;}S$       
154 : SAVESTATE:          25
154 :                    }!{?(i>i):{wl;}!{?(i<i):{     }!{N}NrU;}S$        
155 :                    !{?(i>i):{wl;}!{?(i<i):{w     !{N}NrU;}S$         
156 :                    {?(i>i):{wl;}!{?(i<i):{wl     {N}NrU;}S$          
157 :                    ?(i>i):{wl;}!{?(i<i):{wl;     N}NrU;}S$           
158 :N->?KJN             ?(i>i):{wl;}!{?(i<i):{wl;     N}NrU;}S$           
159 : SAVESTATE:          26
159 :                    ?(i>i):{wl;}!{?(i<i):{wl;     ?KJN}NrU;}S$        
160 :                    (i>i):{wl;}!{?(i<i):{wl;}     KJN}NrU;}S$         
161 :K->(U<U)            (i>i):{wl;}!{?(i<i):{wl;}     KJN}NrU;}S$         
162 : SAVESTATE:          27
162 :                    (i>i):{wl;}!{?(i<i):{wl;}     (U<U)JN}NrU;}S$     
163 :                    i>i):{wl;}!{?(i<i):{wl;}!     U<U)JN}NrU;}S$      
164 :U->i                i>i):{wl;}!{?(i<i):{wl;}!     U<U)JN}NrU;}S$      
165 : SAVESTATE:          28
165 :                    i>i):{wl;}!{?(i<i):{wl;}!     i<U)JN}NrU;}S$      
166 :                    >i):{wl;}!{?(i<i):{wl;}!{     <U)JN}NrU;}S$       
167 : TNS_NS_NORULECHAIN/NS_NORULE
167 : RESTATE             
167 :                    i>i):{wl;}!{?(i<i):{wl;}!     U<U)JN}NrU;}S$      
168 :U->iU               i>i):{wl;}!{?(i<i):{wl;}!     U<U)JN}NrU;}S$      
169 : SAVESTATE:          28
169 :                    i>i):{wl;}!{?(i<i):{wl;}!     iU<U)JN}NrU;}S$     
170 :                    >i):{wl;}!{?(i<i):{wl;}!{     U<U)JN}NrU;}S$      
171 : TNS_NS_NORULECHAIN/NS_NORULE
171 : RESTATE             
171 :                    i>i):{wl;}!{?(i<i):{wl;}!     U<U)JN}NrU;}S$      
172 :U->i,U              i>i):{wl;}!{?(i<i):{wl;}!     U<U)JN}NrU;}S$      
173 : SAVESTATE:          28
173 :                    i>i):{wl;}!{?(i<i):{wl;}!     i,U<U)JN}NrU;}S$    
174 :                    >i):{wl;}!{?(i<i):{wl;}!{     ,U<U)JN}NrU;}S$     
175 : TNS_NS_NORULECHAIN/NS_NORULE
175 : RESTATE             
175 :                    i>i):{wl;}!{?(i<i):{wl;}!     U<U)JN}NrU;}S$      
176 : TNS_NS_NORULECHAIN/NS_NORULE
176 : RESTATE             
176 :                    (i>i):{wl;}!{?(i<i):{wl;}     KJN}NrU;}S$         
177 :K->(U>U)            (i>i):{wl;}!{?(i<i):{wl;}     KJN}NrU;}S$         
178 : SAVESTATE:          27
178 :                    (i>i):{wl;}!{?(i<i):{wl;}     (U>U)JN}NrU;}S$     
179 :                    i>i):{wl;}!{?(i<i):{wl;}!     U>U)JN}NrU;}S$      
180 :U->i                i>i):{wl;}!{?(i<i):{wl;}!     U>U)JN}NrU;}S$      
181 : SAVESTATE:          28
181 :                    i>i):{wl;}!{?(i<i):{wl;}!     i>U)JN}NrU;}S$      
182 :                    >i):{wl;}!{?(i<i):{wl;}!{     >U)JN}NrU;}S$       
183 :                    i):{wl;}!{?(i<i):{wl;}!{?     U)JN}NrU;}S$        
184 :U->i                i):{wl;}!{?(i<i):{wl;}!{?     U)JN}NrU;}S$        
185 : SAVESTATE:          29
185 :                    i):{wl;}!{?(i<i):{wl;}!{?     i)JN}NrU;}S$        
186 :                    ):{wl;}!{?(i<i):{wl;}!{?(     )JN}NrU;}S$         
187 :                    :{wl;}!{?(i<i):{wl;}!{?(i     JN}NrU;}S$          
188 :J->:{N}             :{wl;}!{?(i<i):{wl;}!{?(i     JN}NrU;}S$          
189 : SAVESTATE:          30
189 :                    :{wl;}!{?(i<i):{wl;}!{?(i     :{N}N}NrU;}S$       
190 :                    {wl;}!{?(i<i):{wl;}!{?(i^     {N}N}NrU;}S$        
191 :                    wl;}!{?(i<i):{wl;}!{?(i^i     N}N}NrU;}S$         
192 :N->wE;N             wl;}!{?(i<i):{wl;}!{?(i^i     N}N}NrU;}S$         
193 : SAVESTATE:          31
193 :                    wl;}!{?(i<i):{wl;}!{?(i^i     wE;N}N}NrU;}S$      
194 :                    l;}!{?(i<i):{wl;}!{?(i^i)     E;N}N}NrU;}S$       
195 :E->lM               l;}!{?(i<i):{wl;}!{?(i^i)     E;N}N}NrU;}S$       
196 : SAVESTATE:          32
196 :                    l;}!{?(i<i):{wl;}!{?(i^i)     lM;N}N}NrU;}S$      
197 :                    ;}!{?(i<i):{wl;}!{?(i^i):     M;N}N}NrU;}S$       
198 :M->                 ;}!{?(i<i):{wl;}!{?(i^i):     M;N}N}NrU;}S$       
199 : SAVESTATE:          33
199 :                    ;}!{?(i<i):{wl;}!{?(i^i):     ;N}N}NrU;}S$        
200 :                    }!{?(i<i):{wl;}!{?(i^i):{     N}N}NrU;}S$         
201 :N->                 }!{?(i<i):{wl;}!{?(i^i):{     N}N}NrU;}S$         
202 : SAVESTATE:          34
202 :                    }!{?(i<i):{wl;}!{?(i^i):{     }N}NrU;}S$          
203 :                    !{?(i<i):{wl;}!{?(i^i):{w     N}NrU;}S$           
204 :N->                 !{?(i<i):{wl;}!{?(i^i):{w     N}NrU;}S$           
205 : SAVESTATE:          35
205 :                    !{?(i<i):{wl;}!{?(i^i):{w     }NrU;}S$            
206 : TNS_NS_NORULECHAIN/NS_NORULE
206 : RESTATE             
206 :                    !{?(i<i):{wl;}!{?(i^i):{w     N}NrU;}S$           
207 : TNS_NS_NORULECHAIN/NS_NORULE
207 : RESTATE             
207 :                    }!{?(i<i):{wl;}!{?(i^i):{     N}N}NrU;}S$         
208 : TNS_NS_NORULECHAIN/NS_NORULE
208 : RESTATE             
208 :                    ;}!{?(i<i):{wl;}!{?(i^i):     M;N}N}NrU;}S$       
209 : TNS_NS_NORULECHAIN/NS_NORULE
209 : RESTATE             
209 :                    l;}!{?(i<i):{wl;}!{?(i^i)     E;N}N}NrU;}S$       
210 : TNS_NS_NORULECHAIN/NS_NORULE
210 : RESTATE             
210 :                    wl;}!{?(i<i):{wl;}!{?(i^i     N}N}NrU;}S$         
211 :N->                 wl;}!{?(i<i):{wl;}!{?(i^i     N}N}NrU;}S$         
212 : SAVESTATE:          31
212 :                    wl;}!{?(i<i):{wl;}!{?(i^i     }N}NrU;}S$          
213 : TNS_NS_NORULECHAIN/NS_NORULE
213 : RESTATE             
213 :                    wl;}!{?(i<i):{wl;}!{?(i^i     N}N}NrU;}S$         
214 : TNS_NS_NORULECHAIN/NS_NORULE
214 : RESTATE             
214 :                    :{wl;}!{?(i<i):{wl;}!{?(i     JN}NrU;}S$          
215 :J->:{N}!{N}         :{wl;}!{?(i<i):{wl;}!{?(i     JN}NrU;}S$          
216 : SAVESTATE:          30
216 :                    :{wl;}!{?(i<i):{wl;}!{?(i     :{N}!{N}N}NrU;}S$   
217 :                    {wl;}!{?(i<i):{wl;}!{?(i^     {N}!{N}N}NrU;}S$    
218 :                    wl;}!{?(i<i):{wl;}!{?(i^i     N}!{N}N}NrU;}S$     
219 :N->wE;N             wl;}!{?(i<i):{wl;}!{?(i^i     N}!{N}N}NrU;}S$     
220 : SAVESTATE:          31
220 :                    wl;}!{?(i<i):{wl;}!{?(i^i     wE;N}!{N}N}NrU;}S$  
221 :                    l;}!{?(i<i):{wl;}!{?(i^i)     E;N}!{N}N}NrU;}S$   
222 :E->lM               l;}!{?(i<i):{wl;}!{?(i^i)     E;N}!{N}N}NrU;}S$   
223 : SAVESTATE:          32
223 :                    l;}!{?(i<i):{wl;}!{?(i^i)     lM;N}!{N}N}NrU;}S$  
224 :                    ;}!{?(i<i):{wl;}!{?(i^i):     M;N}!{N}N}NrU;}S$   
225 :M->                 ;}!{?(i<i):{wl;}!{?(i^i):     M;N}!{N}N}NrU;}S$   
226 : SAVESTATE:          33
226 :                    ;}!{?(i<i):{wl;}!{?(i^i):     ;N}!{N}N}NrU;}S$    
227 :                    }!{?(i<i):{wl;}!{?(i^i):{     N}!{N}N}NrU;}S$     
228 :N->                 }!{?(i<i):{wl;}!{?(i^i):{     N}!{N}N}NrU;}S$     
229 : SAVESTATE:          34
229 :                    }!{?(i<i):{wl;}!{?(i^i):{     }!{N}N}NrU;}S$      
230 :                    !{?(i<i):{wl;}!{?(i^i):{w     !{N}N}NrU;}S$       
231 :                    {?(i<i):{wl;}!{?(i^i):{wl     {N}N}NrU;}S$        
232 :                    ?(i<i):{wl;}!{?(i^i):{wl;     N}N}NrU;}S$         
233 :N->?KJN             ?(i<i):{wl;}!{?(i^i):{wl;     N}N}NrU;}S$         
234 : SAVESTATE:          35
234 :                    ?(i<i):{wl;}!{?(i^i):{wl;     ?KJN}N}NrU;}S$      
235 :                    (i<i):{wl;}!{?(i^i):{wl;}     KJN}N}NrU;}S$       
236 :K->(U<U)            (i<i):{wl;}!{?(i^i):{wl;}     KJN}N}NrU;}S$       
237 : SAVESTATE:          36
237 :                    (i<i):{wl;}!{?(i^i):{wl;}     (U<U)JN}N}NrU;}S$   
238 :                    i<i):{wl;}!{?(i^i):{wl;}}     U<U)JN}N}NrU;}S$    
239 :U->i                i<i):{wl;}!{?(i^i):{wl;}}     U<U)JN}N}NrU;}S$    
240 : SAVESTATE:          37
240 :                    i<i):{wl;}!{?(i^i):{wl;}}     i<U)JN}N}NrU;}S$    
241 :                    <i):{wl;}!{?(i^i):{wl;}}}     <U)JN}N}NrU;}S$     
242 :                    i):{wl;}!{?(i^i):{wl;}}}}     U)JN}N}NrU;}S$      
243 :U->i                i):{wl;}!{?(i^i):{wl;}}}}     U)JN}N}NrU;}S$      
244 : SAVESTATE:          38
244 :                    i):{wl;}!{?(i^i):{wl;}}}}     i)JN}N}NrU;}S$      
245 :                    ):{wl;}!{?(i^i):{wl;}}}}r     )JN}N}NrU;}S$       
246 :                    :{wl;}!{?(i^i):{wl;}}}}rl     JN}N}NrU;}S$        
247 :J->:{N}             :{wl;}!{?(i^i):{wl;}}}}rl     JN}N}NrU;}S$        
248 : SAVESTATE:          39
248 :                    :{wl;}!{?(i^i):{wl;}}}}rl     :{N}N}N}NrU;}S$     
249 :                    {wl;}!{?(i^i):{wl;}}}}rl;     {N}N}N}NrU;}S$      
250 :                    wl;}!{?(i^i):{wl;}}}}rl;}     N}N}N}NrU;}S$       
251 :N->wE;N             wl;}!{?(i^i):{wl;}}}}rl;}     N}N}N}NrU;}S$       
252 : SAVESTATE:          40
252 :                    wl;}!{?(i^i):{wl;}}}}rl;}     wE;N}N}N}NrU;}S$    
253 :                    l;}!{?(i^i):{wl;}}}}rl;}t     E;N}N}N}NrU;}S$     
254 :E->lM               l;}!{?(i^i):{wl;}}}}rl;}t     E;N}N}N}NrU;}S$     
255 : SAVESTATE:          41
255 :                    l;}!{?(i^i):{wl;}}}}rl;}t     lM;N}N}N}NrU;}S$    
256 :                    ;}!{?(i^i):{wl;}}}}rl;}tf     M;N}N}N}NrU;}S$     
257 :M->                 ;}!{?(i^i):{wl;}}}}rl;}tf     M;N}N}N}NrU;}S$     
258 : SAVESTATE:          42
258 :                    ;}!{?(i^i):{wl;}}}}rl;}tf     ;N}N}N}NrU;}S$      
259 :                    }!{?(i^i):{wl;}}}}rl;}tfi     N}N}N}NrU;}S$       
260 :N->                 }!{?(i^i):{wl;}}}}rl;}tfi     N}N}N}NrU;}S$       
261 : SAVESTATE:          43
261 :                    }!{?(i^i):{wl;}}}}rl;}tfi     }N}N}NrU;}S$        
262 :                    !{?(i^i):{wl;}}}}rl;}tfi(     N}N}NrU;}S$         
263 :N->                 !{?(i^i):{wl;}}}}rl;}tfi(     N}N}NrU;}S$         
264 : SAVESTATE:          44
264 :                    !{?(i^i):{wl;}}}}rl;}tfi(     }N}NrU;}S$          
265 : TNS_NS_NORULECHAIN/NS_NORULE
265 : RESTATE             
265 :                    !{?(i^i):{wl;}}}}rl;}tfi(     N}N}NrU;}S$         
266 : TNS_NS_NORULECHAIN/NS_NORULE
266 : RESTATE             
266 :                    }!{?(i^i):{wl;}}}}rl;}tfi     N}N}N}NrU;}S$       
267 : TNS_NS_NORULECHAIN/NS_NORULE
267 : RESTATE             
267 :                    ;}!{?(i^i):{wl;}}}}rl;}tf     M;N}N}N}NrU;}S$     
268 : TNS_NS_NORULECHAIN/NS_NORULE
268 : RESTATE             
268 :                    l;}!{?(i^i):{wl;}}}}rl;}t     E;N}N}N}NrU;}S$     
269 : TNS_NS_NORULECHAIN/NS_NORULE
269 : RESTATE             
269 :                    wl;}!{?(i^i):{wl;}}}}rl;}     N}N}N}NrU;}S$       
270 :N->                 wl;}!{?(i^i):{wl;}}}}rl;}     N}N}N}NrU;}S$       
271 : SAVESTATE:          40
271 :                    wl;}!{?(i^i):{wl;}}}}rl;}     }N}N}NrU;}S$        
272 : TNS_NS_NORULECHAIN/NS_NORULE
272 : RESTATE             
272 :                    wl;}!{?(i^i):{wl;}}}}rl;}     N}N}N}NrU;}S$       
273 : TNS_NS_NORULECHAIN/NS_NORULE
273 : RESTATE             
273 :                    :{wl;}!{?(i^i):{wl;}}}}rl     JN}N}NrU;}S$        
274 :J->:{N}!{N}         :{wl;}!{?(i^i):{wl;}}}}rl     JN}N}NrU;}S$        
275 : SAVESTATE:          39
275 :                    :{wl;}!{?(i^i):{wl;}}}}rl     :{N}!{N}N}N}NrU;}S$ 
276 :                    {wl;}!{?(i^i):{wl;}}}}rl;     {N}!{N}N}N}NrU;}S$  
277 :                    wl;}!{?(i^i):{wl;}}}}rl;}     N}!{N}N}N}NrU;}S$   
278 :N->wE;N             wl;}!{?(i^i):{wl;}}}}rl;}     N}!{N}N}N}NrU;}S$   
279 : SAVESTATE:          40
279 :                    wl;}!{?(i^i):{wl;}}}}rl;}     wE;N}!{N}N}N}NrU;}S$
280 :                    l;}!{?(i^i):{wl;}}}}rl;}t     E;N}!{N}N}N}NrU;}S$ 
281 :E->lM               l;}!{?(i^i):{wl;}}}}rl;}t     E;N}!{N}N}N}NrU;}S$ 
282 : SAVESTATE:          41
282 :                    l;}!{?(i^i):{wl;}}}}rl;}t     lM;N}!{N}N}N}NrU;}S$
283 :                    ;}!{?(i^i):{wl;}}}}rl;}tf     M;N}!{N}N}N}NrU;}S$ 
284 :M->                 ;}!{?(i^i):{wl;}}}}rl;}tf     M;N}!{N}N}N}NrU;}S$ 
285 : SAVESTATE:          42
285 :                    ;}!{?(i^i):{wl;}}}}rl;}tf     ;N}!{N}N}N}NrU;}S$  
286 :                    }!{?(i^i):{wl;}}}}rl;}tfi     N}!{N}N}N}NrU;}S$   
287 :N->                 }!{?(i^i):{wl;}}}}rl;}tfi     N}!{N}N}N}NrU;}S$   
288 : SAVESTATE:          43
288 :                    }!{?(i^i):{wl;}}}}rl;}tfi     }!{N}N}N}NrU;}S$    
289 :                    !{?(i^i):{wl;}}}}rl;}tfi(     !{N}N}N}NrU;}S$     
290 :                    {?(i^i):{wl;}}}}rl;}tfi(t     {N}N}N}NrU;}S$      
291 :                    ?(i^i):{wl;}}}}rl;}tfi(tp     N}N}N}NrU;}S$       
292 :N->?KJN             ?(i^i):{wl;}}}}rl;}tfi(tp     N}N}N}NrU;}S$       
293 : SAVESTATE:          44
293 :                    ?(i^i):{wl;}}}}rl;}tfi(tp     ?KJN}N}N}NrU;}S$    
294 :                    (i^i):{wl;}}}}rl;}tfi(tpi     KJN}N}N}NrU;}S$     
295 :K->(U<U)            (i^i):{wl;}}}}rl;}tfi(tpi     KJN}N}N}NrU;}S$     
296 : SAVESTATE:          45
296 :                    (i^i):{wl;}}}}rl;}tfi(tpi     (U<U)JN}N}N}NrU;}S$ 
297 :                    i^i):{wl;}}}}rl;}tfi(tpi,     U<U)JN}N}N}NrU;}S$  
298 :U->i                i^i):{wl;}}}}rl;}tfi(tpi,     U<U)JN}N}N}NrU;}S$  
299 : SAVESTATE:          46
299 :                    i^i):{wl;}}}}rl;}tfi(tpi,     i<U)JN}N}N}NrU;}S$  
300 :                    ^i):{wl;}}}}rl;}tfi(tpi,t     <U)JN}N}N}NrU;}S$   
301 : TNS_NS_NORULECHAIN/NS_NORULE
301 : RESTATE             
301 :                    i^i):{wl;}}}}rl;}tfi(tpi,     U<U)JN}N}N}NrU;}S$  
302 :U->iU               i^i):{wl;}}}}rl;}tfi(tpi,     U<U)JN}N}N}NrU;}S$  
303 : SAVESTATE:          46
303 :                    i^i):{wl;}}}}rl;}tfi(tpi,     iU<U)JN}N}N}NrU;}S$ 
304 :                    ^i):{wl;}}}}rl;}tfi(tpi,t     U<U)JN}N}N}NrU;}S$  
305 : TNS_NS_NORULECHAIN/NS_NORULE
305 : RESTATE             
305 :                    i^i):{wl;}}}}rl;}tfi(tpi,     U<U)JN}N}N}NrU;}S$  
306 :U->i,U              i^i):{wl;}}}}rl;}tfi(tpi,     U<U)JN}N}N}NrU;}S$  
307 : SAVESTATE:          46
307 :                    i^i):{wl;}}}}rl;}tfi(tpi,     i,U<U)JN}N}N}NrU;}S$
308 :                    ^i):{wl;}}}}rl;}tfi(tpi,t     ,U<U)JN}N}N}NrU;}S$ 
309 : TNS_NS_NORULECHAIN/NS_NORULE
309 : RESTATE             
309 :                    i^i):{wl;}}}}rl;}tfi(tpi,     U<U)JN}N}N}NrU;}S$  
310 : TNS_NS_NORULECHAIN/NS_NORULE
310 : RESTATE             
310 :                    (i^i):{wl;}}}}rl;}tfi(tpi     KJN}N}N}NrU;}S$     
311 :K->(U>U)            (i^i):{wl;}}}}rl;}tfi(tpi     KJN}N}N}NrU;}S$     
312 : SAVESTATE:          45
312 :                    (i^i):{wl;}}}}rl;}tfi(tpi     (U>U)JN}N}N}NrU;}S$ 
313 :                    i^i):{wl;}}}}rl;}tfi(tpi,     U>U)JN}N}N}NrU;}S$  
314 :U->i                i^i):{wl;}}}}rl;}tfi(tpi,     U>U)JN}N}N}NrU;}S$  
315 : SAVESTATE:          46
315 :                    i^i):{wl;}}}}rl;}tfi(tpi,     i>U)JN}N}N}NrU;}S$  
316 :                    ^i):{wl;}}}}rl;}tfi(tpi,t     >U)JN}N}N}NrU;}S$   
317 : TNS_NS_NORULECHAIN/NS_NORULE
317 : RESTATE             
317 :                    i^i):{wl;}}}}rl;}tfi(tpi,     U>U)JN}N}N}NrU;}S$  
318 :U->iU               i^i):{wl;}}}}rl;}tfi(tpi,     U>U)JN}N}N}NrU;}S$  
319 : SAVESTATE:          46
319 :                    i^i):{wl;}}}}rl;}tfi(tpi,     iU>U)JN}N}N}NrU;}S$ 
320 :                    ^i):{wl;}}}}rl;}tfi(tpi,t     U>U)JN}N}N}NrU;}S$  
321 : TNS_NS_NORULECHAIN/NS_NORULE
321 : RESTATE             
321 :                    i^i):{wl;}}}}rl;}tfi(tpi,     U>U)JN}N}N}NrU;}S$  
322 :U->i,U              i^i):{wl;}}}}rl;}tfi(tpi,     U>U)JN}N}N}NrU;}S$  
323 : SAVESTATE:          46
323 :                    i^i):{wl;}}}}rl;}tfi(tpi,     i,U>U)JN}N}N}NrU;}S$
324 :                    ^i):{wl;}}}}rl;}tfi(tpi,t     ,U>U)JN}N}N}NrU;}S$ 
325 : TNS_NS_NORULECHAIN/NS_NORULE
325 : RESTATE             
325 :                    i^i):{wl;}}}}rl;}tfi(tpi,     U>U)JN}N}N}NrU;}S$  
326 : TNS_NS_NORULECHAIN/NS_NORULE
326 : RESTATE             
326 :                    (i^i):{wl;}}}}rl;}tfi(tpi     KJN}N}N}NrU;}S$     
327 :K->(U&U)            (i^i):{wl;}}}}rl;}tfi(tpi     KJN}N}N}NrU;}S$     
328 : SAVESTATE:          45
328 :                    (i^i):{wl;}}}}rl;}tfi(tpi     (U&U)JN}N}N}NrU;}S$ 
329 :                    i^i):{wl;}}}}rl;}tfi(tpi,     U&U)JN}N}N}NrU;}S$  
330 :U->i                i^i):{wl;}}}}rl;}tfi(tpi,     U&U)JN}N}N}NrU;}S$  
331 : SAVESTATE:          46
331 :                    i^i):{wl;}}}}rl;}tfi(tpi,     i&U)JN}N}N}NrU;}S$  
332 :                    ^i):{wl;}}}}rl;}tfi(tpi,t     &U)JN}N}N}NrU;}S$   
333 : TNS_NS_NORULECHAIN/NS_NORULE
333 : RESTATE             
333 :                    i^i):{wl;}}}}rl;}tfi(tpi,     U&U)JN}N}N}NrU;}S$  
334 :U->iU               i^i):{wl;}}}}rl;}tfi(tpi,     U&U)JN}N}N}NrU;}S$  
335 : SAVESTATE:          46
335 :                    i^i):{wl;}}}}rl;}tfi(tpi,     iU&U)JN}N}N}NrU;}S$ 
336 :                    ^i):{wl;}}}}rl;}tfi(tpi,t     U&U)JN}N}N}NrU;}S$  
337 : TNS_NS_NORULECHAIN/NS_NORULE
337 : RESTATE             
337 :                    i^i):{wl;}}}}rl;}tfi(tpi,     U&U)JN}N}N}NrU;}S$  
338 :U->i,U              i^i):{wl;}}}}rl;}tfi(tpi,     U&U)JN}N}N}NrU;}S$  
339 : SAVESTATE:          46
339 :                    i^i):{wl;}}}}rl;}tfi(tpi,     i,U&U)JN}N}N}NrU;}S$
340 :                    ^i):{wl;}}}}rl;}tfi(tpi,t     ,U&U)JN}N}N}NrU;}S$ 
341 : TNS_NS_NORULECHAIN/NS_NORULE
341 : RESTATE             
341 :                    i^i):{wl;}}}}rl;}tfi(tpi,     U&U)JN}N}N}NrU;}S$  
342 : TNS_NS_NORULECHAIN/NS_NORULE
342 : RESTATE             
342 :                    (i^i):{wl;}}}}rl;}tfi(tpi     KJN}N}N}NrU;}S$     
343 :K->(U^U)            (i^i):{wl;}}}}rl;}tfi(tpi     KJN}N}N}NrU;}S$     
344 : SAVESTATE:          45
344 :                    (i^i):{wl;}}}}rl;}tfi(tpi     (U^U)JN}N}N}NrU;}S$ 
345 :                    i^i):{wl;}}}}rl;}tfi(tpi,     U^U)JN}N}N}NrU;}S$  
346 :U->i                i^i):{wl;}}}}rl;}tfi(tpi,     U^U)JN}N}N}NrU;}S$  
347 : SAVESTATE:          46
347 :                    i^i):{wl;}}}}rl;}tfi(tpi,     i^U)JN}N}N}NrU;}S$  
348 :                    ^i):{wl;}}}}rl;}tfi(tpi,t     ^U)JN}N}N}NrU;}S$   
349 :                    i):{wl;}}}}rl;}tfi(tpi,tp     U)JN}N}N}NrU;}S$    
350 :U->i                i):{wl;}}}}rl;}tfi(tpi,tp     U)JN}N}N}NrU;}S$    
351 : SAVESTATE:          47
351 :                    i):{wl;}}}}rl;}tfi(tpi,tp     i)JN}N}N}NrU;}S$    
352 :                    ):{wl;}}}}rl;}tfi(tpi,tpi     )JN}N}N}NrU;}S$     
353 :                    :{wl;}}}}rl;}tfi(tpi,tpi)     JN}N}N}NrU;}S$      
354 :J->:{N}             :{wl;}}}}rl;}tfi(tpi,tpi)     JN}N}N}NrU;}S$      
355 : SAVESTATE:          48
355 :                    :{wl;}}}}rl;}tfi(tpi,tpi)     :{N}N}N}N}NrU;}S$   
356 :                    {wl;}}}}rl;}tfi(tpi,tpi){     {N}N}N}N}NrU;}S$    
357 :                    wl;}}}}rl;}tfi(tpi,tpi){w     N}N}N}N}NrU;}S$     
358 :N->wE;N             wl;}}}}rl;}tfi(tpi,tpi){w     N}N}N}N}NrU;}S$     
359 : SAVESTATE:          49
359 :                    wl;}}}}rl;}tfi(tpi,tpi){w     wE;N}N}N}N}NrU;}S$  
360 :                    l;}}}}rl;}tfi(tpi,tpi){wl     E;N}N}N}N}NrU;}S$   
361 :E->lM               l;}}}}rl;}tfi(tpi,tpi){wl     E;N}N}N}N}NrU;}S$   
362 : SAVESTATE:          50
362 :                    l;}}}}rl;}tfi(tpi,tpi){wl     lM;N}N}N}N}NrU;}S$  
363 :                    ;}}}}rl;}tfi(tpi,tpi){wl;     M;N}N}N}N}NrU;}S$   
364 :M->                 ;}}}}rl;}tfi(tpi,tpi){wl;     M;N}N}N}N}NrU;}S$   
365 : SAVESTATE:          51
365 :                    ;}}}}rl;}tfi(tpi,tpi){wl;     ;N}N}N}N}NrU;}S$    
366 :                    }}}}rl;}tfi(tpi,tpi){wl;w     N}N}N}N}NrU;}S$     
367 :N->                 }}}}rl;}tfi(tpi,tpi){wl;w     N}N}N}N}NrU;}S$     
368 : SAVESTATE:          52
368 :                    }}}}rl;}tfi(tpi,tpi){wl;w     }N}N}N}NrU;}S$      
369 :                    }}}rl;}tfi(tpi,tpi){wl;wl     N}N}N}NrU;}S$       
370 :N->                 }}}rl;}tfi(tpi,tpi){wl;wl     N}N}N}NrU;}S$       
371 : SAVESTATE:          53
371 :                    }}}rl;}tfi(tpi,tpi){wl;wl     }N}N}NrU;}S$        
372 :                    }}rl;}tfi(tpi,tpi){wl;wl;     N}N}NrU;}S$         
373 :N->                 }}rl;}tfi(tpi,tpi){wl;wl;     N}N}NrU;}S$         
374 : SAVESTATE:          54
374 :                    }}rl;}tfi(tpi,tpi){wl;wl;     }N}NrU;}S$          
375 :                    }rl;}tfi(tpi,tpi){wl;wl;w     N}NrU;}S$           
376 :N->                 }rl;}tfi(tpi,tpi){wl;wl;w     N}NrU;}S$           
377 : SAVESTATE:          55
377 :                    }rl;}tfi(tpi,tpi){wl;wl;w     }NrU;}S$            
378 :                    rl;}tfi(tpi,tpi){wl;wl;wi     NrU;}S$             
379 :N->                 rl;}tfi(tpi,tpi){wl;wl;wi     NrU;}S$             
380 : SAVESTATE:          56
380 :                    rl;}tfi(tpi,tpi){wl;wl;wi     rU;}S$              
381 :                    l;}tfi(tpi,tpi){wl;wl;wi;     U;}S$               
382 :U->l                l;}tfi(tpi,tpi){wl;wl;wi;     U;}S$               
383 : SAVESTATE:          57
383 :                    l;}tfi(tpi,tpi){wl;wl;wi;     l;}S$               
384 :                    ;}tfi(tpi,tpi){wl;wl;wi;w     ;}S$                
385 :                    }tfi(tpi,tpi){wl;wl;wi;wi     }S$                 
386 :                    tfi(tpi,tpi){wl;wl;wi;wi;     S$                  
387 :S->tfi(F){NrU;}S    tfi(tpi,tpi){wl;wl;wi;wi;     S$                  
388 : SAVESTATE:          58
388 :                    tfi(tpi,tpi){wl;wl;wi;wi;     tfi(F){NrU;}S$      
389 :                    fi(tpi,tpi){wl;wl;wi;wi;t     fi(F){NrU;}S$       
390 :                    i(tpi,tpi){wl;wl;wi;wi;tv     i(F){NrU;}S$        
391 :                    (tpi,tpi){wl;wl;wi;wi;tvi     (F){NrU;}S$         
392 :                    tpi,tpi){wl;wl;wi;wi;tvi;     F){NrU;}S$          
393 :F->tP               tpi,tpi){wl;wl;wi;wi;tvi;     F){NrU;}S$          
394 : SAVESTATE:          59
394 :                    tpi,tpi){wl;wl;wi;wi;tvi;     tP){NrU;}S$         
395 :                    pi,tpi){wl;wl;wi;wi;tvi;i     P){NrU;}S$          
396 :P->pi               pi,tpi){wl;wl;wi;wi;tvi;i     P){NrU;}S$          
397 : SAVESTATE:          60
397 :                    pi,tpi){wl;wl;wi;wi;tvi;i     pi){NrU;}S$         
398 :                    i,tpi){wl;wl;wi;wi;tvi;i=     i){NrU;}S$          
399 :                    ,tpi){wl;wl;wi;wi;tvi;i=i     ){NrU;}S$           
400 : TNS_NS_NORULECHAIN/NS_NORULE
400 : RESTATE             
400 :                    pi,tpi){wl;wl;wi;wi;tvi;i     P){NrU;}S$          
401 : TNS_NS_NORULECHAIN/NS_NORULE
401 : RESTATE             
401 :                    tpi,tpi){wl;wl;wi;wi;tvi;     F){NrU;}S$          
402 :F->tP,F             tpi,tpi){wl;wl;wi;wi;tvi;     F){NrU;}S$          
403 : SAVESTATE:          59
403 :                    tpi,tpi){wl;wl;wi;wi;tvi;     tP,F){NrU;}S$       
404 :                    pi,tpi){wl;wl;wi;wi;tvi;i     P,F){NrU;}S$        
405 :P->pi               pi,tpi){wl;wl;wi;wi;tvi;i     P,F){NrU;}S$        
406 : SAVESTATE:          60
406 :                    pi,tpi){wl;wl;wi;wi;tvi;i     pi,F){NrU;}S$       
407 :                    i,tpi){wl;wl;wi;wi;tvi;i=     i,F){NrU;}S$        
408 :                    ,tpi){wl;wl;wi;wi;tvi;i=i     ,F){NrU;}S$         
409 :                    tpi){wl;wl;wi;wi;tvi;i=i#     F){NrU;}S$          
410 :F->tP               tpi){wl;wl;wi;wi;tvi;i=i#     F){NrU;}S$          
411 : SAVESTATE:          61
411 :                    tpi){wl;wl;wi;wi;tvi;i=i#     tP){NrU;}S$         
412 :                    pi){wl;wl;wi;wi;tvi;i=i#i     P){NrU;}S$          
413 :P->pi               pi){wl;wl;wi;wi;tvi;i=i#i     P){NrU;}S$          
414 : SAVESTATE:          62
414 :                    pi){wl;wl;wi;wi;tvi;i=i#i     pi){NrU;}S$         
415 :                    i){wl;wl;wi;wi;tvi;i=i#i;     i){NrU;}S$          
416 :                    ){wl;wl;wi;wi;tvi;i=i#i;w     ){NrU;}S$           
417 :                    {wl;wl;wi;wi;tvi;i=i#i;wl     {NrU;}S$            
418 :                    wl;wl;wi;wi;tvi;i=i#i;wl;     NrU;}S$             
419 :N->wE;N             wl;wl;wi;wi;tvi;i=i#i;wl;     NrU;}S$             
420 : SAVESTATE:          63
420 :                    wl;wl;wi;wi;tvi;i=i#i;wl;     wE;NrU;}S$          
421 :                    l;wl;wi;wi;tvi;i=i#i;wl;w     E;NrU;}S$           
422 :E->lM               l;wl;wi;wi;tvi;i=i#i;wl;w     E;NrU;}S$           
423 : SAVESTATE:          64
423 :                    l;wl;wi;wi;tvi;i=i#i;wl;w     lM;NrU;}S$          
424 :                    ;wl;wi;wi;tvi;i=i#i;wl;wi     M;NrU;}S$           
425 :M->                 ;wl;wi;wi;tvi;i=i#i;wl;wi     M;NrU;}S$           
426 : SAVESTATE:          65
426 :                    ;wl;wi;wi;tvi;i=i#i;wl;wi     ;NrU;}S$            
427 :                    wl;wi;wi;tvi;i=i#i;wl;wi;     NrU;}S$             
428 :N->wE;N             wl;wi;wi;tvi;i=i#i;wl;wi;     NrU;}S$             
429 : SAVESTATE:          66
429 :                    wl;wi;wi;tvi;i=i#i;wl;wi;     wE;NrU;}S$          
430 :                    l;wi;wi;tvi;i=i#i;wl;wi;t     E;NrU;}S$           
431 :E->lM               l;wi;wi;tvi;i=i#i;wl;wi;t     E;NrU;}S$           
432 : SAVESTATE:          67
432 :                    l;wi;wi;tvi;i=i#i;wl;wi;t     lM;NrU;}S$          
433 :                    ;wi;wi;tvi;i=i#i;wl;wi;tv     M;NrU;}S$           
434 :M->                 ;wi;wi;tvi;i=i#i;wl;wi;tv     M;NrU;}S$           
435 : SAVESTATE:          68
435 :                    ;wi;wi;tvi;i=i#i;wl;wi;tv     ;NrU;}S$            
436 :                    wi;wi;tvi;i=i#i;wl;wi;tvi     NrU;}S$             
437 :N->wE;N             wi;wi;tvi;i=i#i;wl;wi;tvi     NrU;}S$             
438 : SAVESTATE:          69
438 :                    wi;wi;tvi;i=i#i;wl;wi;tvi     wE;NrU;}S$          
439 :                    i;wi;tvi;i=i#i;wl;wi;tvi;     E;NrU;}S$           
440 :E->iM               i;wi;tvi;i=i#i;wl;wi;tvi;     E;NrU;}S$           
441 : SAVESTATE:          70
441 :                    i;wi;tvi;i=i#i;wl;wi;tvi;     iM;NrU;}S$          
442 :                    ;wi;tvi;i=i#i;wl;wi;tvi;i     M;NrU;}S$           
443 :M->                 ;wi;tvi;i=i#i;wl;wi;tvi;i     M;NrU;}S$           
444 : SAVESTATE:          71
444 :                    ;wi;tvi;i=i#i;wl;wi;tvi;i     ;NrU;}S$            
445 :                    wi;tvi;i=i#i;wl;wi;tvi;i=     NrU;}S$             
446 :N->wE;N             wi;tvi;i=i#i;wl;wi;tvi;i=     NrU;}S$             
447 : SAVESTATE:          72
447 :                    wi;tvi;i=i#i;wl;wi;tvi;i=     wE;NrU;}S$          
448 :                    i;tvi;i=i#i;wl;wi;tvi;i=i     E;NrU;}S$           
449 :E->iM               i;tvi;i=i#i;wl;wi;tvi;i=i     E;NrU;}S$           
450 : SAVESTATE:          73
450 :                    i;tvi;i=i#i;wl;wi;tvi;i=i     iM;NrU;}S$          
451 :                    ;tvi;i=i#i;wl;wi;tvi;i=i#     M;NrU;}S$           
452 :M->                 ;tvi;i=i#i;wl;wi;tvi;i=i#     M;NrU;}S$           
453 : SAVESTATE:          74
453 :                    ;tvi;i=i#i;wl;wi;tvi;i=i#     ;NrU;}S$            
454 :                    tvi;i=i#i;wl;wi;tvi;i=i#i     NrU;}S$             
455 :N->tY;N             tvi;i=i#i;wl;wi;tvi;i=i#i     NrU;}S$             
456 : SAVESTATE:          75
456 :                    tvi;i=i#i;wl;wi;tvi;i=i#i     tY;NrU;}S$          
457 :                    vi;i=i#i;wl;wi;tvi;i=i#i;     Y;NrU;}S$           
458 :Y->vi               vi;i=i#i;wl;wi;tvi;i=i#i;     Y;NrU;}S$           
459 : SAVESTATE:          76
459 :                    vi;i=i#i;wl;wi;tvi;i=i#i;     vi;NrU;}S$          
460 :                    i;i=i#i;wl;wi;tvi;i=i#i;w     i;NrU;}S$           
461 :                    ;i=i#i;wl;wi;tvi;i=i#i;wl     ;NrU;}S$            
462 :                    i=i#i;wl;wi;tvi;i=i#i;wl;     NrU;}S$             
463 :N->i=E;N            i=i#i;wl;wi;tvi;i=i#i;wl;     NrU;}S$             
464 : SAVESTATE:          77
464 :                    i=i#i;wl;wi;tvi;i=i#i;wl;     i=E;NrU;}S$         
465 :                    =i#i;wl;wi;tvi;i=i#i;wl;w     =E;NrU;}S$          
466 :                    i#i;wl;wi;tvi;i=i#i;wl;wi     E;NrU;}S$           
467 :E->iM               i#i;wl;wi;tvi;i=i#i;wl;wi     E;NrU;}S$           
468 : SAVESTATE:          78
468 :                    i#i;wl;wi;tvi;i=i#i;wl;wi     iM;NrU;}S$          
469 :                    #i;wl;wi;tvi;i=i#i;wl;wi;     M;NrU;}S$           
470 :M->#E               #i;wl;wi;tvi;i=i#i;wl;wi;     M;NrU;}S$           
471 : SAVESTATE:          79
471 :                    #i;wl;wi;tvi;i=i#i;wl;wi;     #E;NrU;}S$          
472 :                    i;wl;wi;tvi;i=i#i;wl;wi;t     E;NrU;}S$           
473 :E->iM               i;wl;wi;tvi;i=i#i;wl;wi;t     E;NrU;}S$           
474 : SAVESTATE:          80
474 :                    i;wl;wi;tvi;i=i#i;wl;wi;t     iM;NrU;}S$          
475 :                    ;wl;wi;tvi;i=i#i;wl;wi;tv     M;NrU;}S$           
476 :M->                 ;wl;wi;tvi;i=i#i;wl;wi;tv     M;NrU;}S$           
477 : SAVESTATE:          81
477 :                    ;wl;wi;tvi;i=i#i;wl;wi;tv     ;NrU;}S$            
478 :                    wl;wi;tvi;i=i#i;wl;wi;tvi     NrU;}S$             
479 :N->wE;N             wl;wi;tvi;i=i#i;wl;wi;tvi     NrU;}S$             
480 : SAVESTATE:          82
480 :                    wl;wi;tvi;i=i#i;wl;wi;tvi     wE;NrU;}S$          
481 :                    l;wi;tvi;i=i#i;wl;wi;tvi;     E;NrU;}S$           
482 :E->lM               l;wi;tvi;i=i#i;wl;wi;tvi;     E;NrU;}S$           
483 : SAVESTATE:          83
483 :                    l;wi;tvi;i=i#i;wl;wi;tvi;     lM;NrU;}S$          
484 :                    ;wi;tvi;i=i#i;wl;wi;tvi;i     M;NrU;}S$           
485 :M->                 ;wi;tvi;i=i#i;wl;wi;tvi;i     M;NrU;}S$           
486 : SAVESTATE:          84
486 :                    ;wi;tvi;i=i#i;wl;wi;tvi;i     ;NrU;}S$            
487 :                    wi;tvi;i=i#i;wl;wi;tvi;i=     NrU;}S$             
488 :N->wE;N             wi;tvi;i=i#i;wl;wi;tvi;i=     NrU;}S$             
489 : SAVESTATE:          85
489 :                    wi;tvi;i=i#i;wl;wi;tvi;i=     wE;NrU;}S$          
490 :                    i;tvi;i=i#i;wl;wi;tvi;i=i     E;NrU;}S$           
491 :E->iM               i;tvi;i=i#i;wl;wi;tvi;i=i     E;NrU;}S$           
492 : SAVESTATE:          86
492 :                    i;tvi;i=i#i;wl;wi;tvi;i=i     iM;NrU;}S$          
493 :                    ;tvi;i=i#i;wl;wi;tvi;i=i#     M;NrU;}S$           
494 :M->                 ;tvi;i=i#i;wl;wi;tvi;i=i#     M;NrU;}S$           
495 : SAVESTATE:          87
495 :                    ;tvi;i=i#i;wl;wi;tvi;i=i#     ;NrU;}S$            
496 :                    tvi;i=i#i;wl;wi;tvi;i=i#i     NrU;}S$             
497 :N->tY;N             tvi;i=i#i;wl;wi;tvi;i=i#i     NrU;}S$             
498 : SAVESTATE:          88
498 :                    tvi;i=i#i;wl;wi;tvi;i=i#i     tY;NrU;}S$          
499 :                    vi;i=i#i;wl;wi;tvi;i=i#i;     Y;NrU;}S$           
500 :Y->vi               vi;i=i#i;wl;wi;tvi;i=i#i;     Y;NrU;}S$           
501 : SAVESTATE:          89
501 :                    vi;i=i#i;wl;wi;tvi;i=i#i;     vi;NrU;}S$          
502 :                    i;i=i#i;wl;wi;tvi;i=i#i;w     i;NrU;}S$           
503 :                    ;i=i#i;wl;wi;tvi;i=i#i;wl     ;NrU;}S$            
504 :                    i=i#i;wl;wi;tvi;i=i#i;wl;     NrU;}S$             
505 :N->i=E;N            i=i#i;wl;wi;tvi;i=i#i;wl;     NrU;}S$             
506 : SAVESTATE:          90
506 :                    i=i#i;wl;wi;tvi;i=i#i;wl;     i=E;NrU;}S$         
507 :                    =i#i;wl;wi;tvi;i=i#i;wl;w     =E;NrU;}S$          
508 :                    i#i;wl;wi;tvi;i=i#i;wl;wi     E;NrU;}S$           
509 :E->iM               i#i;wl;wi;tvi;i=i#i;wl;wi     E;NrU;}S$           
510 : SAVESTATE:          91
510 :                    i#i;wl;wi;tvi;i=i#i;wl;wi     iM;NrU;}S$          
511 :                    #i;wl;wi;tvi;i=i#i;wl;wi;     M;NrU;}S$           
512 :M->#E               #i;wl;wi;tvi;i=i#i;wl;wi;     M;NrU;}S$           
513 : SAVESTATE:          92
513 :                    #i;wl;wi;tvi;i=i#i;wl;wi;     #E;NrU;}S$          
514 :                    i;wl;wi;tvi;i=i#i;wl;wi;t     E;NrU;}S$           
515 :E->iM               i;wl;wi;tvi;i=i#i;wl;wi;t     E;NrU;}S$           
516 : SAVESTATE:          93
516 :                    i;wl;wi;tvi;i=i#i;wl;wi;t     iM;NrU;}S$          
517 :                    ;wl;wi;tvi;i=i#i;wl;wi;tv     M;NrU;}S$           
518 :M->                 ;wl;wi;tvi;i=i#i;wl;wi;tv     M;NrU;}S$           
519 : SAVESTATE:          94
519 :                    ;wl;wi;tvi;i=i#i;wl;wi;tv     ;NrU;}S$            
520 :                    wl;wi;tvi;i=i#i;wl;wi;tvi     NrU;}S$             
521 :N->wE;N             wl;wi;tvi;i=i#i;wl;wi;tvi     NrU;}S$             
522 : SAVESTATE:          95
522 :                    wl;wi;tvi;i=i#i;wl;wi;tvi     wE;NrU;}S$          
523 :                    l;wi;tvi;i=i#i;wl;wi;tvi;     E;NrU;}S$           
524 :E->lM               l;wi;tvi;i=i#i;wl;wi;tvi;     E;NrU;}S$           
525 : SAVESTATE:          96
525 :                    l;wi;tvi;i=i#i;wl;wi;tvi;     lM;NrU;}S$          
526 :                    ;wi;tvi;i=i#i;wl;wi;tvi;i     M;NrU;}S$           
527 :M->                 ;wi;tvi;i=i#i;wl;wi;tvi;i     M;NrU;}S$           
528 : SAVESTATE:          97
528 :                    ;wi;tvi;i=i#i;wl;wi;tvi;i     ;NrU;}S$            
529 :                    wi;tvi;i=i#i;wl;wi;tvi;i=     NrU;}S$             
530 :N->wE;N             wi;tvi;i=i#i;wl;wi;tvi;i=     NrU;}S$             
531 : SAVESTATE:          98
531 :                    wi;tvi;i=i#i;wl;wi;tvi;i=     wE;NrU;}S$          
532 :                    i;tvi;i=i#i;wl;wi;tvi;i=i     E;NrU;}S$           
533 :E->iM               i;tvi;i=i#i;wl;wi;tvi;i=i     E;NrU;}S$           
534 : SAVESTATE:          99
534 :                    i;tvi;i=i#i;wl;wi;tvi;i=i     iM;NrU;}S$          
535 :                    ;tvi;i=i#i;wl;wi;tvi;i=i#     M;NrU;}S$           
536 :M->                 ;tvi;i=i#i;wl;wi;tvi;i=i#     M;NrU;}S$           
537 : SAVESTATE:          100
537 :                    ;tvi;i=i#i;wl;wi;tvi;i=i#     ;NrU;}S$            
538 :                    tvi;i=i#i;wl;wi;tvi;i=i#i     NrU;}S$             
539 :N->tY;N             tvi;i=i#i;wl;wi;tvi;i=i#i     NrU;}S$             
540 : SAVESTATE:          101
540 :                    tvi;i=i#i;wl;wi;tvi;i=i#i     tY;NrU;}S$          
541 :                    vi;i=i#i;wl;wi;tvi;i=i#i;     Y;NrU;}S$           
542 :Y->vi               vi;i=i#i;wl;wi;tvi;i=i#i;     Y;NrU;}S$           
543 : SAVESTATE:          102
543 :                    vi;i=i#i;wl;wi;tvi;i=i#i;     vi;NrU;}S$          
544 :                    i;i=i#i;wl;wi;tvi;i=i#i;w     i;NrU;}S$           
545 :                    ;i=i#i;wl;wi;tvi;i=i#i;wl     ;NrU;}S$            
546 :                    i=i#i;wl;wi;tvi;i=i#i;wl;     NrU;}S$             
547 :N->i=E;N            i=i#i;wl;wi;tvi;i=i#i;wl;     NrU;}S$             
548 : SAVESTATE:          103
548 :                    i=i#i;wl;wi;tvi;i=i#i;wl;     i=E;NrU;}S$         
549 :                    =i#i;wl;wi;tvi;i=i#i;wl;w     =E;NrU;}S$          
550 :                    i#i;wl;wi;tvi;i=i#i;wl;wi     E;NrU;}S$           
551 :E->iM               i#i;wl;wi;tvi;i=i#i;wl;wi     E;NrU;}S$           
552 : SAVESTATE:          104
552 :                    i#i;wl;wi;tvi;i=i#i;wl;wi     iM;NrU;}S$          
553 :                    #i;wl;wi;tvi;i=i#i;wl;wi;     M;NrU;}S$           
554 :M->#E               #i;wl;wi;tvi;i=i#i;wl;wi;     M;NrU;}S$           
555 : SAVESTATE:          105
555 :                    #i;wl;wi;tvi;i=i#i;wl;wi;     #E;NrU;}S$          
556 :                    i;wl;wi;tvi;i=i#i;wl;wi;t     E;NrU;}S$           
557 :E->iM               i;wl;wi;tvi;i=i#i;wl;wi;t     E;NrU;}S$           
558 : SAVESTATE:          106
558 :                    i;wl;wi;tvi;i=i#i;wl;wi;t     iM;NrU;}S$          
559 :                    ;wl;wi;tvi;i=i#i;wl;wi;tv     M;NrU;}S$           
560 :M->                 ;wl;wi;tvi;i=i#i;wl;wi;tv     M;NrU;}S$           
561 : SAVESTATE:          107
561 :                    ;wl;wi;tvi;i=i#i;wl;wi;tv     ;NrU;}S$            
562 :                    wl;wi;tvi;i=i#i;wl;wi;tvi     NrU;}S$             
563 :N->wE;N             wl;wi;tvi;i=i#i;wl;wi;tvi     NrU;}S$             
564 : SAVESTATE:          108
564 :                    wl;wi;tvi;i=i#i;wl;wi;tvi     wE;NrU;}S$          
565 :                    l;wi;tvi;i=i#i;wl;wi;tvi;     E;NrU;}S$           
566 :E->lM               l;wi;tvi;i=i#i;wl;wi;tvi;     E;NrU;}S$           
567 : SAVESTATE:          109
567 :                    l;wi;tvi;i=i#i;wl;wi;tvi;     lM;NrU;}S$          
568 :                    ;wi;tvi;i=i#i;wl;wi;tvi;i     M;NrU;}S$           
569 :M->                 ;wi;tvi;i=i#i;wl;wi;tvi;i     M;NrU;}S$           
570 : SAVESTATE:          110
570 :                    ;wi;tvi;i=i#i;wl;wi;tvi;i     ;NrU;}S$            
571 :                    wi;tvi;i=i#i;wl;wi;tvi;i=     NrU;}S$             
572 :N->wE;N             wi;tvi;i=i#i;wl;wi;tvi;i=     NrU;}S$             
573 : SAVESTATE:          111
573 :                    wi;tvi;i=i#i;wl;wi;tvi;i=     wE;NrU;}S$          
574 :                    i;tvi;i=i#i;wl;wi;tvi;i=i     E;NrU;}S$           
575 :E->iM               i;tvi;i=i#i;wl;wi;tvi;i=i     E;NrU;}S$           
576 : SAVESTATE:          112
576 :                    i;tvi;i=i#i;wl;wi;tvi;i=i     iM;NrU;}S$          
577 :                    ;tvi;i=i#i;wl;wi;tvi;i=i#     M;NrU;}S$           
578 :M->                 ;tvi;i=i#i;wl;wi;tvi;i=i#     M;NrU;}S$           
579 : SAVESTATE:          113
579 :                    ;tvi;i=i#i;wl;wi;tvi;i=i#     ;NrU;}S$            
580 :                    tvi;i=i#i;wl;wi;tvi;i=i#i     NrU;}S$             
581 :N->tY;N             tvi;i=i#i;wl;wi;tvi;i=i#i     NrU;}S$             
582 : SAVESTATE:          114
582 :                    tvi;i=i#i;wl;wi;tvi;i=i#i     tY;NrU;}S$          
583 :                    vi;i=i#i;wl;wi;tvi;i=i#i;     Y;NrU;}S$           
584 :Y->vi               vi;i=i#i;wl;wi;tvi;i=i#i;     Y;NrU;}S$           
585 : SAVESTATE:          115
585 :                    vi;i=i#i;wl;wi;tvi;i=i#i;     vi;NrU;}S$          
586 :                    i;i=i#i;wl;wi;tvi;i=i#i;w     i;NrU;}S$           
587 :                    ;i=i#i;wl;wi;tvi;i=i#i;wl     ;NrU;}S$            
588 :                    i=i#i;wl;wi;tvi;i=i#i;wl;     NrU;}S$             
589 :N->i=E;N            i=i#i;wl;wi;tvi;i=i#i;wl;     NrU;}S$             
590 : SAVESTATE:          116
590 :                    i=i#i;wl;wi;tvi;i=i#i;wl;     i=E;NrU;}S$         
591 :                    =i#i;wl;wi;tvi;i=i#i;wl;w     =E;NrU;}S$          
592 :                    i#i;wl;wi;tvi;i=i#i;wl;wi     E;NrU;}S$           
593 :E->iM               i#i;wl;wi;tvi;i=i#i;wl;wi     E;NrU;}S$           
594 : SAVESTATE:          117
594 :                    i#i;wl;wi;tvi;i=i#i;wl;wi     iM;NrU;}S$          
595 :                    #i;wl;wi;tvi;i=i#i;wl;wi;     M;NrU;}S$           
596 :M->#E               #i;wl;wi;tvi;i=i#i;wl;wi;     M;NrU;}S$           
597 : SAVESTATE:          118
597 :                    #i;wl;wi;tvi;i=i#i;wl;wi;     #E;NrU;}S$          
598 :                    i;wl;wi;tvi;i=i#i;wl;wi;r     E;NrU;}S$           
599 :E->iM               i;wl;wi;tvi;i=i#i;wl;wi;r     E;NrU;}S$           
600 : SAVESTATE:          119
600 :                    i;wl;wi;tvi;i=i#i;wl;wi;r     iM;NrU;}S$          
601 :                    ;wl;wi;tvi;i=i#i;wl;wi;ri     M;NrU;}S$           
602 :M->                 ;wl;wi;tvi;i=i#i;wl;wi;ri     M;NrU;}S$           
603 : SAVESTATE:          120
603 :                    ;wl;wi;tvi;i=i#i;wl;wi;ri     ;NrU;}S$            
604 :                    wl;wi;tvi;i=i#i;wl;wi;ri;     NrU;}S$             
605 :N->wE;N             wl;wi;tvi;i=i#i;wl;wi;ri;     NrU;}S$             
606 : SAVESTATE:          121
606 :                    wl;wi;tvi;i=i#i;wl;wi;ri;     wE;NrU;}S$          
607 :                    l;wi;tvi;i=i#i;wl;wi;ri;}     E;NrU;}S$           
608 :E->lM               l;wi;tvi;i=i#i;wl;wi;ri;}     E;NrU;}S$           
609 : SAVESTATE:          122
609 :                    l;wi;tvi;i=i#i;wl;wi;ri;}     lM;NrU;}S$          
610 :                    ;wi;tvi;i=i#i;wl;wi;ri;}t     M;NrU;}S$           
611 :M->                 ;wi;tvi;i=i#i;wl;wi;ri;}t     M;NrU;}S$           
612 : SAVESTATE:          123
612 :                    ;wi;tvi;i=i#i;wl;wi;ri;}t     ;NrU;}S$            
613 :                    wi;tvi;i=i#i;wl;wi;ri;}tf     NrU;}S$             
614 :N->wE;N             wi;tvi;i=i#i;wl;wi;ri;}tf     NrU;}S$             
615 : SAVESTATE:          124
615 :                    wi;tvi;i=i#i;wl;wi;ri;}tf     wE;NrU;}S$          
616 :                    i;tvi;i=i#i;wl;wi;ri;}tfi     E;NrU;}S$           
617 :E->iM               i;tvi;i=i#i;wl;wi;ri;}tfi     E;NrU;}S$           
618 : SAVESTATE:          125
618 :                    i;tvi;i=i#i;wl;wi;ri;}tfi     iM;NrU;}S$          
619 :                    ;tvi;i=i#i;wl;wi;ri;}tfi(     M;NrU;}S$           
620 :M->                 ;tvi;i=i#i;wl;wi;ri;}tfi(     M;NrU;}S$           
621 : SAVESTATE:          126
621 :                    ;tvi;i=i#i;wl;wi;ri;}tfi(     ;NrU;}S$            
622 :                    tvi;i=i#i;wl;wi;ri;}tfi(t     NrU;}S$             
623 :N->tY;N             tvi;i=i#i;wl;wi;ri;}tfi(t     NrU;}S$             
624 : SAVESTATE:          127
624 :                    tvi;i=i#i;wl;wi;ri;}tfi(t     tY;NrU;}S$          
625 :                    vi;i=i#i;wl;wi;ri;}tfi(tp     Y;NrU;}S$           
626 :Y->vi               vi;i=i#i;wl;wi;ri;}tfi(tp     Y;NrU;}S$           
627 : SAVESTATE:          128
627 :                    vi;i=i#i;wl;wi;ri;}tfi(tp     vi;NrU;}S$          
628 :                    i;i=i#i;wl;wi;ri;}tfi(tpi     i;NrU;}S$           
629 :                    ;i=i#i;wl;wi;ri;}tfi(tpi)     ;NrU;}S$            
630 :                    i=i#i;wl;wi;ri;}tfi(tpi){     NrU;}S$             
631 :N->i=E;N            i=i#i;wl;wi;ri;}tfi(tpi){     NrU;}S$             
632 : SAVESTATE:          129
632 :                    i=i#i;wl;wi;ri;}tfi(tpi){     i=E;NrU;}S$         
633 :                    =i#i;wl;wi;ri;}tfi(tpi){w     =E;NrU;}S$          
634 :                    i#i;wl;wi;ri;}tfi(tpi){wl     E;NrU;}S$           
635 :E->iM               i#i;wl;wi;ri;}tfi(tpi){wl     E;NrU;}S$           
636 : SAVESTATE:          130
636 :                    i#i;wl;wi;ri;}tfi(tpi){wl     iM;NrU;}S$          
637 :                    #i;wl;wi;ri;}tfi(tpi){wl;     M;NrU;}S$           
638 :M->#E               #i;wl;wi;ri;}tfi(tpi){wl;     M;NrU;}S$           
639 : SAVESTATE:          131
639 :                    #i;wl;wi;ri;}tfi(tpi){wl;     #E;NrU;}S$          
640 :                    i;wl;wi;ri;}tfi(tpi){wl;s     E;NrU;}S$           
641 :E->iM               i;wl;wi;ri;}tfi(tpi){wl;s     E;NrU;}S$           
642 : SAVESTATE:          132
642 :                    i;wl;wi;ri;}tfi(tpi){wl;s     iM;NrU;}S$          
643 :                    ;wl;wi;ri;}tfi(tpi){wl;s(     M;NrU;}S$           
644 :M->                 ;wl;wi;ri;}tfi(tpi){wl;s(     M;NrU;}S$           
645 : SAVESTATE:          133
645 :                    ;wl;wi;ri;}tfi(tpi){wl;s(     ;NrU;}S$            
646 :                    wl;wi;ri;}tfi(tpi){wl;s(i     NrU;}S$             
647 :N->wE;N             wl;wi;ri;}tfi(tpi){wl;s(i     NrU;}S$             
648 : SAVESTATE:          134
648 :                    wl;wi;ri;}tfi(tpi){wl;s(i     wE;NrU;}S$          
649 :                    l;wi;ri;}tfi(tpi){wl;s(i)     E;NrU;}S$           
650 :E->lM               l;wi;ri;}tfi(tpi){wl;s(i)     E;NrU;}S$           
651 : SAVESTATE:          135
651 :                    l;wi;ri;}tfi(tpi){wl;s(i)     lM;NrU;}S$          
652 :                    ;wi;ri;}tfi(tpi){wl;s(i){     M;NrU;}S$           
653 :M->                 ;wi;ri;}tfi(tpi){wl;s(i){     M;NrU;}S$           
654 : SAVESTATE:          136
654 :                    ;wi;ri;}tfi(tpi){wl;s(i){     ;NrU;}S$            
655 :                    wi;ri;}tfi(tpi){wl;s(i){a     NrU;}S$             
656 :N->wE;N             wi;ri;}tfi(tpi){wl;s(i){a     NrU;}S$             
657 : SAVESTATE:          137
657 :                    wi;ri;}tfi(tpi){wl;s(i){a     wE;NrU;}S$          
658 :                    i;ri;}tfi(tpi){wl;s(i){a(     E;NrU;}S$           
659 :E->iM               i;ri;}tfi(tpi){wl;s(i){a(     E;NrU;}S$           
660 : SAVESTATE:          138
660 :                    i;ri;}tfi(tpi){wl;s(i){a(     iM;NrU;}S$          
661 :                    ;ri;}tfi(tpi){wl;s(i){a(l     M;NrU;}S$           
662 :M->                 ;ri;}tfi(tpi){wl;s(i){a(l     M;NrU;}S$           
663 : SAVESTATE:          139
663 :                    ;ri;}tfi(tpi){wl;s(i){a(l     ;NrU;}S$            
664 :                    ri;}tfi(tpi){wl;s(i){a(l)     NrU;}S$             
665 :N->                 ri;}tfi(tpi){wl;s(i){a(l)     NrU;}S$             
666 : SAVESTATE:          140
666 :                    ri;}tfi(tpi){wl;s(i){a(l)     rU;}S$              
667 :                    i;}tfi(tpi){wl;s(i){a(l):     U;}S$               
668 :U->i                i;}tfi(tpi){wl;s(i){a(l):     U;}S$               
669 : SAVESTATE:          141
669 :                    i;}tfi(tpi){wl;s(i){a(l):     i;}S$               
670 :                    ;}tfi(tpi){wl;s(i){a(l):{     ;}S$                
671 :                    }tfi(tpi){wl;s(i){a(l):{w     }S$                 
672 :                    tfi(tpi){wl;s(i){a(l):{wl     S$                  
673 :S->tfi(F){NrU;}S    tfi(tpi){wl;s(i){a(l):{wl     S$                  
674 : SAVESTATE:          142
674 :                    tfi(tpi){wl;s(i){a(l):{wl     tfi(F){NrU;}S$      
675 :                    fi(tpi){wl;s(i){a(l):{wl;     fi(F){NrU;}S$       
676 :                    i(tpi){wl;s(i){a(l):{wl;t     i(F){NrU;}S$        
677 :                    (tpi){wl;s(i){a(l):{wl;tv     (F){NrU;}S$         
678 :                    tpi){wl;s(i){a(l):{wl;tvi     F){NrU;}S$          
679 :F->tP               tpi){wl;s(i){a(l):{wl;tvi     F){NrU;}S$          
680 : SAVESTATE:          143
680 :                    tpi){wl;s(i){a(l):{wl;tvi     tP){NrU;}S$         
681 :                    pi){wl;s(i){a(l):{wl;tvi;     P){NrU;}S$          
682 :P->pi               pi){wl;s(i){a(l):{wl;tvi;     P){NrU;}S$          
683 : SAVESTATE:          144
683 :                    pi){wl;s(i){a(l):{wl;tvi;     pi){NrU;}S$         
684 :                    i){wl;s(i){a(l):{wl;tvi;i     i){NrU;}S$          
685 :                    ){wl;s(i){a(l):{wl;tvi;i=     ){NrU;}S$           
686 :                    {wl;s(i){a(l):{wl;tvi;i=l     {NrU;}S$            
687 :                    wl;s(i){a(l):{wl;tvi;i=l;     NrU;}S$             
688 :N->wE;N             wl;s(i){a(l):{wl;tvi;i=l;     NrU;}S$             
689 : SAVESTATE:          145
689 :                    wl;s(i){a(l):{wl;tvi;i=l;     wE;NrU;}S$          
690 :                    l;s(i){a(l):{wl;tvi;i=l;t     E;NrU;}S$           
691 :E->lM               l;s(i){a(l):{wl;tvi;i=l;t     E;NrU;}S$           
692 : SAVESTATE:          146
692 :                    l;s(i){a(l):{wl;tvi;i=l;t     lM;NrU;}S$          
693 :                    ;s(i){a(l):{wl;tvi;i=l;tv     M;NrU;}S$           
694 :M->                 ;s(i){a(l):{wl;tvi;i=l;tv     M;NrU;}S$           
695 : SAVESTATE:          147
695 :                    ;s(i){a(l):{wl;tvi;i=l;tv     ;NrU;}S$            
696 :                    s(i){a(l):{wl;tvi;i=l;tvi     NrU;}S$             
697 :N->s(i)I            s(i){a(l):{wl;tvi;i=l;tvi     NrU;}S$             
698 : SAVESTATE:          148
698 :                    s(i){a(l):{wl;tvi;i=l;tvi     s(i)IrU;}S$         
699 :                    (i){a(l):{wl;tvi;i=l;tvi;     (i)IrU;}S$          
700 :                    i){a(l):{wl;tvi;i=l;tvi;i     i)IrU;}S$           
701 :                    ){a(l):{wl;tvi;i=l;tvi;i=     )IrU;}S$            
702 :                    {a(l):{wl;tvi;i=l;tvi;i=l     IrU;}S$             
703 :I->{AD}N            {a(l):{wl;tvi;i=l;tvi;i=l     IrU;}S$             
704 : SAVESTATE:          149
704 :                    {a(l):{wl;tvi;i=l;tvi;i=l     {AD}NrU;}S$         
705 :                    a(l):{wl;tvi;i=l;tvi;i=l;     AD}NrU;}S$          
706 :A->a(l):{Nk;}A      a(l):{wl;tvi;i=l;tvi;i=l;     AD}NrU;}S$          
707 : SAVESTATE:          150
707 :                    a(l):{wl;tvi;i=l;tvi;i=l;     a(l):{Nk;}AD}NrU;}S$
708 :                    (l):{wl;tvi;i=l;tvi;i=l;w     (l):{Nk;}AD}NrU;}S$ 
709 :                    l):{wl;tvi;i=l;tvi;i=l;wl     l):{Nk;}AD}NrU;}S$  
710 :                    ):{wl;tvi;i=l;tvi;i=l;wl;     ):{Nk;}AD}NrU;}S$   
711 :                    :{wl;tvi;i=l;tvi;i=l;wl;w     :{Nk;}AD}NrU;}S$    
712 :                    {wl;tvi;i=l;tvi;i=l;wl;wi     {Nk;}AD}NrU;}S$     
713 :                    wl;tvi;i=l;tvi;i=l;wl;wi;     Nk;}AD}NrU;}S$      
714 :N->wE;N             wl;tvi;i=l;tvi;i=l;wl;wi;     Nk;}AD}NrU;}S$      
715 : SAVESTATE:          151
715 :                    wl;tvi;i=l;tvi;i=l;wl;wi;     wE;Nk;}AD}NrU;}S$   
716 :                    l;tvi;i=l;tvi;i=l;wl;wi;w     E;Nk;}AD}NrU;}S$    
717 :E->lM               l;tvi;i=l;tvi;i=l;wl;wi;w     E;Nk;}AD}NrU;}S$    
718 : SAVESTATE:          152
718 :                    l;tvi;i=l;tvi;i=l;wl;wi;w     lM;Nk;}AD}NrU;}S$   
719 :                    ;tvi;i=l;tvi;i=l;wl;wi;wl     M;Nk;}AD}NrU;}S$    
720 :M->                 ;tvi;i=l;tvi;i=l;wl;wi;wl     M;Nk;}AD}NrU;}S$    
721 : SAVESTATE:          153
721 :                    ;tvi;i=l;tvi;i=l;wl;wi;wl     ;Nk;}AD}NrU;}S$     
722 :                    tvi;i=l;tvi;i=l;wl;wi;wl;     Nk;}AD}NrU;}S$      
723 :N->tY;N             tvi;i=l;tvi;i=l;wl;wi;wl;     Nk;}AD}NrU;}S$      
724 : SAVESTATE:          154
724 :                    tvi;i=l;tvi;i=l;wl;wi;wl;     tY;Nk;}AD}NrU;}S$   
725 :                    vi;i=l;tvi;i=l;wl;wi;wl;w     Y;Nk;}AD}NrU;}S$    
726 :Y->vi               vi;i=l;tvi;i=l;wl;wi;wl;w     Y;Nk;}AD}NrU;}S$    
727 : SAVESTATE:          155
727 :                    vi;i=l;tvi;i=l;wl;wi;wl;w     vi;Nk;}AD}NrU;}S$   
728 :                    i;i=l;tvi;i=l;wl;wi;wl;wi     i;Nk;}AD}NrU;}S$    
729 :                    ;i=l;tvi;i=l;wl;wi;wl;wi;     ;Nk;}AD}NrU;}S$     
730 :                    i=l;tvi;i=l;wl;wi;wl;wi;}     Nk;}AD}NrU;}S$      
731 :N->i=E;N            i=l;tvi;i=l;wl;wi;wl;wi;}     Nk;}AD}NrU;}S$      
732 : SAVESTATE:          156
732 :                    i=l;tvi;i=l;wl;wi;wl;wi;}     i=E;Nk;}AD}NrU;}S$  
733 :                    =l;tvi;i=l;wl;wi;wl;wi;}a     =E;Nk;}AD}NrU;}S$   
734 :                    l;tvi;i=l;wl;wi;wl;wi;}a(     E;Nk;}AD}NrU;}S$    
735 :E->lM               l;tvi;i=l;wl;wi;wl;wi;}a(     E;Nk;}AD}NrU;}S$    
736 : SAVESTATE:          157
736 :                    l;tvi;i=l;wl;wi;wl;wi;}a(     lM;Nk;}AD}NrU;}S$   
737 :                    ;tvi;i=l;wl;wi;wl;wi;}a(l     M;Nk;}AD}NrU;}S$    
738 :M->                 ;tvi;i=l;wl;wi;wl;wi;}a(l     M;Nk;}AD}NrU;}S$    
739 : SAVESTATE:          158
739 :                    ;tvi;i=l;wl;wi;wl;wi;}a(l     ;Nk;}AD}NrU;}S$     
740 :                    tvi;i=l;wl;wi;wl;wi;}a(l)     Nk;}AD}NrU;}S$      
741 :N->tY;N             tvi;i=l;wl;wi;wl;wi;}a(l)     Nk;}AD}NrU;}S$      
742 : SAVESTATE:          159
742 :                    tvi;i=l;wl;wi;wl;wi;}a(l)     tY;Nk;}AD}NrU;}S$   
743 :                    vi;i=l;wl;wi;wl;wi;}a(l):     Y;Nk;}AD}NrU;}S$    
744 :Y->vi               vi;i=l;wl;wi;wl;wi;}a(l):     Y;Nk;}AD}NrU;}S$    
745 : SAVESTATE:          160
745 :                    vi;i=l;wl;wi;wl;wi;}a(l):     vi;Nk;}AD}NrU;}S$   
746 :                    i;i=l;wl;wi;wl;wi;}a(l):{     i;Nk;}AD}NrU;}S$    
747 :                    ;i=l;wl;wi;wl;wi;}a(l):{w     ;Nk;}AD}NrU;}S$     
748 :                    i=l;wl;wi;wl;wi;}a(l):{wl     Nk;}AD}NrU;}S$      
749 :N->i=E;N            i=l;wl;wi;wl;wi;}a(l):{wl     Nk;}AD}NrU;}S$      
750 : SAVESTATE:          161
750 :                    i=l;wl;wi;wl;wi;}a(l):{wl     i=E;Nk;}AD}NrU;}S$  
751 :                    =l;wl;wi;wl;wi;}a(l):{wl;     =E;Nk;}AD}NrU;}S$   
752 :                    l;wl;wi;wl;wi;}a(l):{wl;t     E;Nk;}AD}NrU;}S$    
753 :E->lM               l;wl;wi;wl;wi;}a(l):{wl;t     E;Nk;}AD}NrU;}S$    
754 : SAVESTATE:          162
754 :                    l;wl;wi;wl;wi;}a(l):{wl;t     lM;Nk;}AD}NrU;}S$   
755 :                    ;wl;wi;wl;wi;}a(l):{wl;tv     M;Nk;}AD}NrU;}S$    
756 :M->                 ;wl;wi;wl;wi;}a(l):{wl;tv     M;Nk;}AD}NrU;}S$    
757 : SAVESTATE:          163
757 :                    ;wl;wi;wl;wi;}a(l):{wl;tv     ;Nk;}AD}NrU;}S$     
758 :                    wl;wi;wl;wi;}a(l):{wl;tvi     Nk;}AD}NrU;}S$      
759 :N->wE;N             wl;wi;wl;wi;}a(l):{wl;tvi     Nk;}AD}NrU;}S$      
760 : SAVESTATE:          164
760 :                    wl;wi;wl;wi;}a(l):{wl;tvi     wE;Nk;}AD}NrU;}S$   
761 :                    l;wi;wl;wi;}a(l):{wl;tvi;     E;Nk;}AD}NrU;}S$    
762 :E->lM               l;wi;wl;wi;}a(l):{wl;tvi;     E;Nk;}AD}NrU;}S$    
763 : SAVESTATE:          165
763 :                    l;wi;wl;wi;}a(l):{wl;tvi;     lM;Nk;}AD}NrU;}S$   
764 :                    ;wi;wl;wi;}a(l):{wl;tvi;i     M;Nk;}AD}NrU;}S$    
765 :M->                 ;wi;wl;wi;}a(l):{wl;tvi;i     M;Nk;}AD}NrU;}S$    
766 : SAVESTATE:          166
766 :                    ;wi;wl;wi;}a(l):{wl;tvi;i     ;Nk;}AD}NrU;}S$     
767 :                    wi;wl;wi;}a(l):{wl;tvi;i=     Nk;}AD}NrU;}S$      
768 :N->wE;N             wi;wl;wi;}a(l):{wl;tvi;i=     Nk;}AD}NrU;}S$      
769 : SAVESTATE:          167
769 :                    wi;wl;wi;}a(l):{wl;tvi;i=     wE;Nk;}AD}NrU;}S$   
770 :                    i;wl;wi;}a(l):{wl;tvi;i=i     E;Nk;}AD}NrU;}S$    
771 :E->iM               i;wl;wi;}a(l):{wl;tvi;i=i     E;Nk;}AD}NrU;}S$    
772 : SAVESTATE:          168
772 :                    i;wl;wi;}a(l):{wl;tvi;i=i     iM;Nk;}AD}NrU;}S$   
773 :                    ;wl;wi;}a(l):{wl;tvi;i=i(     M;Nk;}AD}NrU;}S$    
774 :M->                 ;wl;wi;}a(l):{wl;tvi;i=i(     M;Nk;}AD}NrU;}S$    
775 : SAVESTATE:          169
775 :                    ;wl;wi;}a(l):{wl;tvi;i=i(     ;Nk;}AD}NrU;}S$     
776 :                    wl;wi;}a(l):{wl;tvi;i=i()     Nk;}AD}NrU;}S$      
777 :N->wE;N             wl;wi;}a(l):{wl;tvi;i=i()     Nk;}AD}NrU;}S$      
778 : SAVESTATE:          170
778 :                    wl;wi;}a(l):{wl;tvi;i=i()     wE;Nk;}AD}NrU;}S$   
779 :                    l;wi;}a(l):{wl;tvi;i=i();     E;Nk;}AD}NrU;}S$    
780 :E->lM               l;wi;}a(l):{wl;tvi;i=i();     E;Nk;}AD}NrU;}S$    
781 : SAVESTATE:          171
781 :                    l;wi;}a(l):{wl;tvi;i=i();     lM;Nk;}AD}NrU;}S$   
782 :                    ;wi;}a(l):{wl;tvi;i=i();w     M;Nk;}AD}NrU;}S$    
783 :M->                 ;wi;}a(l):{wl;tvi;i=i();w     M;Nk;}AD}NrU;}S$    
784 : SAVESTATE:          172
784 :                    ;wi;}a(l):{wl;tvi;i=i();w     ;Nk;}AD}NrU;}S$     
785 :                    wi;}a(l):{wl;tvi;i=i();wl     Nk;}AD}NrU;}S$      
786 :N->wE;N             wi;}a(l):{wl;tvi;i=i();wl     Nk;}AD}NrU;}S$      
787 : SAVESTATE:          173
787 :                    wi;}a(l):{wl;tvi;i=i();wl     wE;Nk;}AD}NrU;}S$   
788 :                    i;}a(l):{wl;tvi;i=i();wl;     E;Nk;}AD}NrU;}S$    
789 :E->iM               i;}a(l):{wl;tvi;i=i();wl;     E;Nk;}AD}NrU;}S$    
790 : SAVESTATE:          174
790 :                    i;}a(l):{wl;tvi;i=i();wl;     iM;Nk;}AD}NrU;}S$   
791 :                    ;}a(l):{wl;tvi;i=i();wl;w     M;Nk;}AD}NrU;}S$    
792 :M->                 ;}a(l):{wl;tvi;i=i();wl;w     M;Nk;}AD}NrU;}S$    
793 : SAVESTATE:          175
793 :                    ;}a(l):{wl;tvi;i=i();wl;w     ;Nk;}AD}NrU;}S$     
794 :                    }a(l):{wl;tvi;i=i();wl;wi     Nk;}AD}NrU;}S$      
795 :N->                 }a(l):{wl;tvi;i=i();wl;wi     Nk;}AD}NrU;}S$      
796 : SAVESTATE:          176
796 :                    }a(l):{wl;tvi;i=i();wl;wi     k;}AD}NrU;}S$       
797 : TNS_NS_NORULECHAIN/NS_NORULE
797 : RESTATE             
797 :                    }a(l):{wl;tvi;i=i();wl;wi     Nk;}AD}NrU;}S$      
798 : TNS_NS_NORULECHAIN/NS_NORULE
798 : RESTATE             
798 :                    ;}a(l):{wl;tvi;i=i();wl;w     M;Nk;}AD}NrU;}S$    
799 : TNS_NS_NORULECHAIN/NS_NORULE
799 : RESTATE             
799 :                    i;}a(l):{wl;tvi;i=i();wl;     E;Nk;}AD}NrU;}S$    
800 :E->i(W)M            i;}a(l):{wl;tvi;i=i();wl;     E;Nk;}AD}NrU;}S$    
801 : SAVESTATE:          174
801 :                    i;}a(l):{wl;tvi;i=i();wl;     i(W)M;Nk;}AD}NrU;}S$
802 :                    ;}a(l):{wl;tvi;i=i();wl;w     (W)M;Nk;}AD}NrU;}S$ 
803 : TNS_NS_NORULECHAIN/NS_NORULE
803 : RESTATE             
803 :                    i;}a(l):{wl;tvi;i=i();wl;     E;Nk;}AD}NrU;}S$    
804 : TNS_NS_NORULECHAIN/NS_NORULE
804 : RESTATE             
804 :                    wi;}a(l):{wl;tvi;i=i();wl     Nk;}AD}NrU;}S$      
805 :N->                 wi;}a(l):{wl;tvi;i=i();wl     Nk;}AD}NrU;}S$      
806 : SAVESTATE:          173
806 :                    wi;}a(l):{wl;tvi;i=i();wl     k;}AD}NrU;}S$       
807 : TNS_NS_NORULECHAIN/NS_NORULE
807 : RESTATE             
807 :                    wi;}a(l):{wl;tvi;i=i();wl     Nk;}AD}NrU;}S$      
808 : TNS_NS_NORULECHAIN/NS_NORULE
808 : RESTATE             
808 :                    ;wi;}a(l):{wl;tvi;i=i();w     M;Nk;}AD}NrU;}S$    
809 : TNS_NS_NORULECHAIN/NS_NORULE
809 : RESTATE             
809 :                    l;wi;}a(l):{wl;tvi;i=i();     E;Nk;}AD}NrU;}S$    
810 : TNS_NS_NORULECHAIN/NS_NORULE
810 : RESTATE             
810 :                    wl;wi;}a(l):{wl;tvi;i=i()     Nk;}AD}NrU;}S$      
811 :N->                 wl;wi;}a(l):{wl;tvi;i=i()     Nk;}AD}NrU;}S$      
812 : SAVESTATE:          170
812 :                    wl;wi;}a(l):{wl;tvi;i=i()     k;}AD}NrU;}S$       
813 : TNS_NS_NORULECHAIN/NS_NORULE
813 : RESTATE             
813 :                    wl;wi;}a(l):{wl;tvi;i=i()     Nk;}AD}NrU;}S$      
814 : TNS_NS_NORULECHAIN/NS_NORULE
814 : RESTATE             
814 :                    ;wl;wi;}a(l):{wl;tvi;i=i(     M;Nk;}AD}NrU;}S$    
815 : TNS_NS_NORULECHAIN/NS_NORULE
815 : RESTATE             
815 :                    i;wl;wi;}a(l):{wl;tvi;i=i     E;Nk;}AD}NrU;}S$    
816 :E->i(W)M            i;wl;wi;}a(l):{wl;tvi;i=i     E;Nk;}AD}NrU;}S$    
817 : SAVESTATE:          168
817 :                    i;wl;wi;}a(l):{wl;tvi;i=i     i(W)M;Nk;}AD}NrU;}S$
818 :                    ;wl;wi;}a(l):{wl;tvi;i=i(     (W)M;Nk;}AD}NrU;}S$ 
819 : TNS_NS_NORULECHAIN/NS_NORULE
819 : RESTATE             
819 :                    i;wl;wi;}a(l):{wl;tvi;i=i     E;Nk;}AD}NrU;}S$    
820 : TNS_NS_NORULECHAIN/NS_NORULE
820 : RESTATE             
820 :                    wi;wl;wi;}a(l):{wl;tvi;i=     Nk;}AD}NrU;}S$      
821 :N->                 wi;wl;wi;}a(l):{wl;tvi;i=     Nk;}AD}NrU;}S$      
822 : SAVESTATE:          167
822 :                    wi;wl;wi;}a(l):{wl;tvi;i=     k;}AD}NrU;}S$       
823 : TNS_NS_NORULECHAIN/NS_NORULE
823 : RESTATE             
823 :                    wi;wl;wi;}a(l):{wl;tvi;i=     Nk;}AD}NrU;}S$      
824 : TNS_NS_NORULECHAIN/NS_NORULE
824 : RESTATE             
824 :                    ;wi;wl;wi;}a(l):{wl;tvi;i     M;Nk;}AD}NrU;}S$    
825 : TNS_NS_NORULECHAIN/NS_NORULE
825 : RESTATE             
825 :                    l;wi;wl;wi;}a(l):{wl;tvi;     E;Nk;}AD}NrU;}S$    
826 : TNS_NS_NORULECHAIN/NS_NORULE
826 : RESTATE             
826 :                    wl;wi;wl;wi;}a(l):{wl;tvi     Nk;}AD}NrU;}S$      
827 :N->                 wl;wi;wl;wi;}a(l):{wl;tvi     Nk;}AD}NrU;}S$      
828 : SAVESTATE:          164
828 :                    wl;wi;wl;wi;}a(l):{wl;tvi     k;}AD}NrU;}S$       
829 : TNS_NS_NORULECHAIN/NS_NORULE
829 : RESTATE             
829 :                    wl;wi;wl;wi;}a(l):{wl;tvi     Nk;}AD}NrU;}S$      
830 : TNS_NS_NORULECHAIN/NS_NORULE
830 : RESTATE             
830 :                    ;wl;wi;wl;wi;}a(l):{wl;tv     M;Nk;}AD}NrU;}S$    
831 : TNS_NS_NORULECHAIN/NS_NORULE
831 : RESTATE             
831 :                    l;wl;wi;wl;wi;}a(l):{wl;t     E;Nk;}AD}NrU;}S$    
832 : TNS_NS_NORULECHAIN/NS_NORULE
832 : RESTATE             
832 :                    i=l;wl;wi;wl;wi;}a(l):{wl     Nk;}AD}NrU;}S$      
833 :N->                 i=l;wl;wi;wl;wi;}a(l):{wl     Nk;}AD}NrU;}S$      
834 : SAVESTATE:          161
834 :                    i=l;wl;wi;wl;wi;}a(l):{wl     k;}AD}NrU;}S$       
835 : TNS_NS_NORULECHAIN/NS_NORULE
835 : RESTATE             
835 :                    i=l;wl;wi;wl;wi;}a(l):{wl     Nk;}AD}NrU;}S$      
836 : TNS_NS_NORULECHAIN/NS_NORULE
836 : RESTATE             
836 :                    vi;i=l;wl;wi;wl;wi;}a(l):     Y;Nk;}AD}NrU;}S$    
837 :Y->vi=L             vi;i=l;wl;wi;wl;wi;}a(l):     Y;Nk;}AD}NrU;}S$    
838 : SAVESTATE:          160
838 :                    vi;i=l;wl;wi;wl;wi;}a(l):     vi=L;Nk;}AD}NrU;}S$ 
839 :                    i;i=l;wl;wi;wl;wi;}a(l):{     i=L;Nk;}AD}NrU;}S$  
840 :                    ;i=l;wl;wi;wl;wi;}a(l):{w     =L;Nk;}AD}NrU;}S$   
841 : TNS_NS_NORULECHAIN/NS_NORULE
841 : RESTATE             
841 :                    vi;i=l;wl;wi;wl;wi;}a(l):     Y;Nk;}AD}NrU;}S$    
842 : TNS_NS_NORULECHAIN/NS_NORULE
842 : RESTATE             
842 :                    tvi;i=l;wl;wi;wl;wi;}a(l)     Nk;}AD}NrU;}S$      
843 :N->                 tvi;i=l;wl;wi;wl;wi;}a(l)     Nk;}AD}NrU;}S$      
844 : SAVESTATE:          159
844 :                    tvi;i=l;wl;wi;wl;wi;}a(l)     k;}AD}NrU;}S$       
845 : TNS_NS_NORULECHAIN/NS_NORULE
845 : RESTATE             
845 :                    tvi;i=l;wl;wi;wl;wi;}a(l)     Nk;}AD}NrU;}S$      
846 : TNS_NS_NORULECHAIN/NS_NORULE
846 : RESTATE             
846 :                    ;tvi;i=l;wl;wi;wl;wi;}a(l     M;Nk;}AD}NrU;}S$    
847 : TNS_NS_NORULECHAIN/NS_NORULE
847 : RESTATE             
847 :                    l;tvi;i=l;wl;wi;wl;wi;}a(     E;Nk;}AD}NrU;}S$    
848 : TNS_NS_NORULECHAIN/NS_NORULE
848 : RESTATE             
848 :                    i=l;tvi;i=l;wl;wi;wl;wi;}     Nk;}AD}NrU;}S$      
849 :N->                 i=l;tvi;i=l;wl;wi;wl;wi;}     Nk;}AD}NrU;}S$      
850 : SAVESTATE:          156
850 :                    i=l;tvi;i=l;wl;wi;wl;wi;}     k;}AD}NrU;}S$       
851 : TNS_NS_NORULECHAIN/NS_NORULE
851 : RESTATE             
851 :                    i=l;tvi;i=l;wl;wi;wl;wi;}     Nk;}AD}NrU;}S$      
852 : TNS_NS_NORULECHAIN/NS_NORULE
852 : RESTATE             
852 :                    vi;i=l;tvi;i=l;wl;wi;wl;w     Y;Nk;}AD}NrU;}S$    
853 :Y->vi=L             vi;i=l;tvi;i=l;wl;wi;wl;w     Y;Nk;}AD}NrU;}S$    
854 : SAVESTATE:          155
854 :                    vi;i=l;tvi;i=l;wl;wi;wl;w     vi=L;Nk;}AD}NrU;}S$ 
855 :                    i;i=l;tvi;i=l;wl;wi;wl;wi     i=L;Nk;}AD}NrU;}S$  
856 :                    ;i=l;tvi;i=l;wl;wi;wl;wi;     =L;Nk;}AD}NrU;}S$   
857 : TNS_NS_NORULECHAIN/NS_NORULE
857 : RESTATE             
857 :                    vi;i=l;tvi;i=l;wl;wi;wl;w     Y;Nk;}AD}NrU;}S$    
858 : TNS_NS_NORULECHAIN/NS_NORULE
858 : RESTATE             
858 :                    tvi;i=l;tvi;i=l;wl;wi;wl;     Nk;}AD}NrU;}S$      
859 :N->                 tvi;i=l;tvi;i=l;wl;wi;wl;     Nk;}AD}NrU;}S$      
860 : SAVESTATE:          154
860 :                    tvi;i=l;tvi;i=l;wl;wi;wl;     k;}AD}NrU;}S$       
861 : TNS_NS_NORULECHAIN/NS_NORULE
861 : RESTATE             
861 :                    tvi;i=l;tvi;i=l;wl;wi;wl;     Nk;}AD}NrU;}S$      
862 : TNS_NS_NORULECHAIN/NS_NORULE
862 : RESTATE             
862 :                    ;tvi;i=l;tvi;i=l;wl;wi;wl     M;Nk;}AD}NrU;}S$    
863 : TNS_NS_NORULECHAIN/NS_NORULE
863 : RESTATE             
863 :                    l;tvi;i=l;tvi;i=l;wl;wi;w     E;Nk;}AD}NrU;}S$    
864 : TNS_NS_NORULECHAIN/NS_NORULE
864 : RESTATE             
864 :                    wl;tvi;i=l;tvi;i=l;wl;wi;     Nk;}AD}NrU;}S$      
865 :N->                 wl;tvi;i=l;tvi;i=l;wl;wi;     Nk;}AD}NrU;}S$      
866 : SAVESTATE:          151
866 :                    wl;tvi;i=l;tvi;i=l;wl;wi;     k;}AD}NrU;}S$       
867 : TNS_NS_NORULECHAIN/NS_NORULE
867 : RESTATE             
867 :                    wl;tvi;i=l;tvi;i=l;wl;wi;     Nk;}AD}NrU;}S$      
868 : TNS_NS_NORULECHAIN/NS_NORULE
868 : RESTATE             
868 :                    a(l):{wl;tvi;i=l;tvi;i=l;     AD}NrU;}S$          
869 :A->a(i):{Nk;}A      a(l):{wl;tvi;i=l;tvi;i=l;     AD}NrU;}S$          
870 : SAVESTATE:          150
870 :                    a(l):{wl;tvi;i=l;tvi;i=l;     a(i):{Nk;}AD}NrU;}S$
871 :                    (l):{wl;tvi;i=l;tvi;i=l;w     (i):{Nk;}AD}NrU;}S$ 
872 :                    l):{wl;tvi;i=l;tvi;i=l;wl     i):{Nk;}AD}NrU;}S$  
873 : TNS_NS_NORULECHAIN/NS_NORULE
873 : RESTATE             
873 :                    a(l):{wl;tvi;i=l;tvi;i=l;     AD}NrU;}S$          
874 :A->a(l):{N}A        a(l):{wl;tvi;i=l;tvi;i=l;     AD}NrU;}S$          
875 : SAVESTATE:          150
875 :                    a(l):{wl;tvi;i=l;tvi;i=l;     a(l):{N}AD}NrU;}S$  
876 :                    (l):{wl;tvi;i=l;tvi;i=l;w     (l):{N}AD}NrU;}S$   
877 :                    l):{wl;tvi;i=l;tvi;i=l;wl     l):{N}AD}NrU;}S$    
878 :                    ):{wl;tvi;i=l;tvi;i=l;wl;     ):{N}AD}NrU;}S$     
879 :                    :{wl;tvi;i=l;tvi;i=l;wl;w     :{N}AD}NrU;}S$      
880 :                    {wl;tvi;i=l;tvi;i=l;wl;wi     {N}AD}NrU;}S$       
881 :                    wl;tvi;i=l;tvi;i=l;wl;wi;     N}AD}NrU;}S$        
882 :N->wE;N             wl;tvi;i=l;tvi;i=l;wl;wi;     N}AD}NrU;}S$        
883 : SAVESTATE:          151
883 :                    wl;tvi;i=l;tvi;i=l;wl;wi;     wE;N}AD}NrU;}S$     
884 :                    l;tvi;i=l;tvi;i=l;wl;wi;w     E;N}AD}NrU;}S$      
885 :E->lM               l;tvi;i=l;tvi;i=l;wl;wi;w     E;N}AD}NrU;}S$      
886 : SAVESTATE:          152
886 :                    l;tvi;i=l;tvi;i=l;wl;wi;w     lM;N}AD}NrU;}S$     
887 :                    ;tvi;i=l;tvi;i=l;wl;wi;wl     M;N}AD}NrU;}S$      
888 :M->                 ;tvi;i=l;tvi;i=l;wl;wi;wl     M;N}AD}NrU;}S$      
889 : SAVESTATE:          153
889 :                    ;tvi;i=l;tvi;i=l;wl;wi;wl     ;N}AD}NrU;}S$       
890 :                    tvi;i=l;tvi;i=l;wl;wi;wl;     N}AD}NrU;}S$        
891 :N->tY;N             tvi;i=l;tvi;i=l;wl;wi;wl;     N}AD}NrU;}S$        
892 : SAVESTATE:          154
892 :                    tvi;i=l;tvi;i=l;wl;wi;wl;     tY;N}AD}NrU;}S$     
893 :                    vi;i=l;tvi;i=l;wl;wi;wl;w     Y;N}AD}NrU;}S$      
894 :Y->vi               vi;i=l;tvi;i=l;wl;wi;wl;w     Y;N}AD}NrU;}S$      
895 : SAVESTATE:          155
895 :                    vi;i=l;tvi;i=l;wl;wi;wl;w     vi;N}AD}NrU;}S$     
896 :                    i;i=l;tvi;i=l;wl;wi;wl;wi     i;N}AD}NrU;}S$      
897 :                    ;i=l;tvi;i=l;wl;wi;wl;wi;     ;N}AD}NrU;}S$       
898 :                    i=l;tvi;i=l;wl;wi;wl;wi;}     N}AD}NrU;}S$        
899 :N->i=E;N            i=l;tvi;i=l;wl;wi;wl;wi;}     N}AD}NrU;}S$        
900 : SAVESTATE:          156
900 :                    i=l;tvi;i=l;wl;wi;wl;wi;}     i=E;N}AD}NrU;}S$    
901 :                    =l;tvi;i=l;wl;wi;wl;wi;}a     =E;N}AD}NrU;}S$     
902 :                    l;tvi;i=l;wl;wi;wl;wi;}a(     E;N}AD}NrU;}S$      
903 :E->lM               l;tvi;i=l;wl;wi;wl;wi;}a(     E;N}AD}NrU;}S$      
904 : SAVESTATE:          157
904 :                    l;tvi;i=l;wl;wi;wl;wi;}a(     lM;N}AD}NrU;}S$     
905 :                    ;tvi;i=l;wl;wi;wl;wi;}a(l     M;N}AD}NrU;}S$      
906 :M->                 ;tvi;i=l;wl;wi;wl;wi;}a(l     M;N}AD}NrU;}S$      
907 : SAVESTATE:          158
907 :                    ;tvi;i=l;wl;wi;wl;wi;}a(l     ;N}AD}NrU;}S$       
908 :                    tvi;i=l;wl;wi;wl;wi;}a(l)     N}AD}NrU;}S$        
909 :N->tY;N             tvi;i=l;wl;wi;wl;wi;}a(l)     N}AD}NrU;}S$        
910 : SAVESTATE:          159
910 :                    tvi;i=l;wl;wi;wl;wi;}a(l)     tY;N}AD}NrU;}S$     
911 :                    vi;i=l;wl;wi;wl;wi;}a(l):     Y;N}AD}NrU;}S$      
912 :Y->vi               vi;i=l;wl;wi;wl;wi;}a(l):     Y;N}AD}NrU;}S$      
913 : SAVESTATE:          160
913 :                    vi;i=l;wl;wi;wl;wi;}a(l):     vi;N}AD}NrU;}S$     
914 :                    i;i=l;wl;wi;wl;wi;}a(l):{     i;N}AD}NrU;}S$      
915 :                    ;i=l;wl;wi;wl;wi;}a(l):{w     ;N}AD}NrU;}S$       
916 :                    i=l;wl;wi;wl;wi;}a(l):{wl     N}AD}NrU;}S$        
917 :N->i=E;N            i=l;wl;wi;wl;wi;}a(l):{wl     N}AD}NrU;}S$        
918 : SAVESTATE:          161
918 :                    i=l;wl;wi;wl;wi;}a(l):{wl     i=E;N}AD}NrU;}S$    
919 :                    =l;wl;wi;wl;wi;}a(l):{wl;     =E;N}AD}NrU;}S$     
920 :                    l;wl;wi;wl;wi;}a(l):{wl;t     E;N}AD}NrU;}S$      
921 :E->lM               l;wl;wi;wl;wi;}a(l):{wl;t     E;N}AD}NrU;}S$      
922 : SAVESTATE:          162
922 :                    l;wl;wi;wl;wi;}a(l):{wl;t     lM;N}AD}NrU;}S$     
923 :                    ;wl;wi;wl;wi;}a(l):{wl;tv     M;N}AD}NrU;}S$      
924 :M->                 ;wl;wi;wl;wi;}a(l):{wl;tv     M;N}AD}NrU;}S$      
925 : SAVESTATE:          163
925 :                    ;wl;wi;wl;wi;}a(l):{wl;tv     ;N}AD}NrU;}S$       
926 :                    wl;wi;wl;wi;}a(l):{wl;tvi     N}AD}NrU;}S$        
927 :N->wE;N             wl;wi;wl;wi;}a(l):{wl;tvi     N}AD}NrU;}S$        
928 : SAVESTATE:          164
928 :                    wl;wi;wl;wi;}a(l):{wl;tvi     wE;N}AD}NrU;}S$     
929 :                    l;wi;wl;wi;}a(l):{wl;tvi;     E;N}AD}NrU;}S$      
930 :E->lM               l;wi;wl;wi;}a(l):{wl;tvi;     E;N}AD}NrU;}S$      
931 : SAVESTATE:          165
931 :                    l;wi;wl;wi;}a(l):{wl;tvi;     lM;N}AD}NrU;}S$     
932 :                    ;wi;wl;wi;}a(l):{wl;tvi;i     M;N}AD}NrU;}S$      
933 :M->                 ;wi;wl;wi;}a(l):{wl;tvi;i     M;N}AD}NrU;}S$      
934 : SAVESTATE:          166
934 :                    ;wi;wl;wi;}a(l):{wl;tvi;i     ;N}AD}NrU;}S$       
935 :                    wi;wl;wi;}a(l):{wl;tvi;i=     N}AD}NrU;}S$        
936 :N->wE;N             wi;wl;wi;}a(l):{wl;tvi;i=     N}AD}NrU;}S$        
937 : SAVESTATE:          167
937 :                    wi;wl;wi;}a(l):{wl;tvi;i=     wE;N}AD}NrU;}S$     
938 :                    i;wl;wi;}a(l):{wl;tvi;i=i     E;N}AD}NrU;}S$      
939 :E->iM               i;wl;wi;}a(l):{wl;tvi;i=i     E;N}AD}NrU;}S$      
940 : SAVESTATE:          168
940 :                    i;wl;wi;}a(l):{wl;tvi;i=i     iM;N}AD}NrU;}S$     
941 :                    ;wl;wi;}a(l):{wl;tvi;i=i(     M;N}AD}NrU;}S$      
942 :M->                 ;wl;wi;}a(l):{wl;tvi;i=i(     M;N}AD}NrU;}S$      
943 : SAVESTATE:          169
943 :                    ;wl;wi;}a(l):{wl;tvi;i=i(     ;N}AD}NrU;}S$       
944 :                    wl;wi;}a(l):{wl;tvi;i=i()     N}AD}NrU;}S$        
945 :N->wE;N             wl;wi;}a(l):{wl;tvi;i=i()     N}AD}NrU;}S$        
946 : SAVESTATE:          170
946 :                    wl;wi;}a(l):{wl;tvi;i=i()     wE;N}AD}NrU;}S$     
947 :                    l;wi;}a(l):{wl;tvi;i=i();     E;N}AD}NrU;}S$      
948 :E->lM               l;wi;}a(l):{wl;tvi;i=i();     E;N}AD}NrU;}S$      
949 : SAVESTATE:          171
949 :                    l;wi;}a(l):{wl;tvi;i=i();     lM;N}AD}NrU;}S$     
950 :                    ;wi;}a(l):{wl;tvi;i=i();w     M;N}AD}NrU;}S$      
951 :M->                 ;wi;}a(l):{wl;tvi;i=i();w     M;N}AD}NrU;}S$      
952 : SAVESTATE:          172
952 :                    ;wi;}a(l):{wl;tvi;i=i();w     ;N}AD}NrU;}S$       
953 :                    wi;}a(l):{wl;tvi;i=i();wl     N}AD}NrU;}S$        
954 :N->wE;N             wi;}a(l):{wl;tvi;i=i();wl     N}AD}NrU;}S$        
955 : SAVESTATE:          173
955 :                    wi;}a(l):{wl;tvi;i=i();wl     wE;N}AD}NrU;}S$     
956 :                    i;}a(l):{wl;tvi;i=i();wl;     E;N}AD}NrU;}S$      
957 :E->iM               i;}a(l):{wl;tvi;i=i();wl;     E;N}AD}NrU;}S$      
958 : SAVESTATE:          174
958 :                    i;}a(l):{wl;tvi;i=i();wl;     iM;N}AD}NrU;}S$     
959 :                    ;}a(l):{wl;tvi;i=i();wl;w     M;N}AD}NrU;}S$      
960 :M->                 ;}a(l):{wl;tvi;i=i();wl;w     M;N}AD}NrU;}S$      
961 : SAVESTATE:          175
961 :                    ;}a(l):{wl;tvi;i=i();wl;w     ;N}AD}NrU;}S$       
962 :                    }a(l):{wl;tvi;i=i();wl;wi     N}AD}NrU;}S$        
963 :N->                 }a(l):{wl;tvi;i=i();wl;wi     N}AD}NrU;}S$        
964 : SAVESTATE:          176
964 :                    }a(l):{wl;tvi;i=i();wl;wi     }AD}NrU;}S$         
965 :                    a(l):{wl;tvi;i=i();wl;wi;     AD}NrU;}S$          
966 :A->a(l):{Nk;}A      a(l):{wl;tvi;i=i();wl;wi;     AD}NrU;}S$          
967 : SAVESTATE:          177
967 :                    a(l):{wl;tvi;i=i();wl;wi;     a(l):{Nk;}AD}NrU;}S$
968 :                    (l):{wl;tvi;i=i();wl;wi;t     (l):{Nk;}AD}NrU;}S$ 
969 :                    l):{wl;tvi;i=i();wl;wi;tv     l):{Nk;}AD}NrU;}S$  
970 :                    ):{wl;tvi;i=i();wl;wi;tvi     ):{Nk;}AD}NrU;}S$   
971 :                    :{wl;tvi;i=i();wl;wi;tvi;     :{Nk;}AD}NrU;}S$    
972 :                    {wl;tvi;i=i();wl;wi;tvi;i     {Nk;}AD}NrU;}S$     
973 :                    wl;tvi;i=i();wl;wi;tvi;i=     Nk;}AD}NrU;}S$      
974 :N->wE;N             wl;tvi;i=i();wl;wi;tvi;i=     Nk;}AD}NrU;}S$      
975 : SAVESTATE:          178
975 :                    wl;tvi;i=i();wl;wi;tvi;i=     wE;Nk;}AD}NrU;}S$   
976 :                    l;tvi;i=i();wl;wi;tvi;i=i     E;Nk;}AD}NrU;}S$    
977 :E->lM               l;tvi;i=i();wl;wi;tvi;i=i     E;Nk;}AD}NrU;}S$    
978 : SAVESTATE:          179
978 :                    l;tvi;i=i();wl;wi;tvi;i=i     lM;Nk;}AD}NrU;}S$   
979 :                    ;tvi;i=i();wl;wi;tvi;i=i(     M;Nk;}AD}NrU;}S$    
980 :M->                 ;tvi;i=i();wl;wi;tvi;i=i(     M;Nk;}AD}NrU;}S$    
981 : SAVESTATE:          180
981 :                    ;tvi;i=i();wl;wi;tvi;i=i(     ;Nk;}AD}NrU;}S$     
982 :                    tvi;i=i();wl;wi;tvi;i=i(l     Nk;}AD}NrU;}S$      
983 :N->tY;N             tvi;i=i();wl;wi;tvi;i=i(l     Nk;}AD}NrU;}S$      
984 : SAVESTATE:          181
984 :                    tvi;i=i();wl;wi;tvi;i=i(l     tY;Nk;}AD}NrU;}S$   
985 :                    vi;i=i();wl;wi;tvi;i=i(l,     Y;Nk;}AD}NrU;}S$    
986 :Y->vi               vi;i=i();wl;wi;tvi;i=i(l,     Y;Nk;}AD}NrU;}S$    
987 : SAVESTATE:          182
987 :                    vi;i=i();wl;wi;tvi;i=i(l,     vi;Nk;}AD}NrU;}S$   
988 :                    i;i=i();wl;wi;tvi;i=i(l,l     i;Nk;}AD}NrU;}S$    
989 :                    ;i=i();wl;wi;tvi;i=i(l,l)     ;Nk;}AD}NrU;}S$     
990 :                    i=i();wl;wi;tvi;i=i(l,l);     Nk;}AD}NrU;}S$      
991 :N->i=E;N            i=i();wl;wi;tvi;i=i(l,l);     Nk;}AD}NrU;}S$      
992 : SAVESTATE:          183
992 :                    i=i();wl;wi;tvi;i=i(l,l);     i=E;Nk;}AD}NrU;}S$  
993 :                    =i();wl;wi;tvi;i=i(l,l);w     =E;Nk;}AD}NrU;}S$   
994 :                    i();wl;wi;tvi;i=i(l,l);wl     E;Nk;}AD}NrU;}S$    
995 :E->iM               i();wl;wi;tvi;i=i(l,l);wl     E;Nk;}AD}NrU;}S$    
996 : SAVESTATE:          184
996 :                    i();wl;wi;tvi;i=i(l,l);wl     iM;Nk;}AD}NrU;}S$   
997 :                    ();wl;wi;tvi;i=i(l,l);wl;     M;Nk;}AD}NrU;}S$    
998 :M->                 ();wl;wi;tvi;i=i(l,l);wl;     M;Nk;}AD}NrU;}S$    
999 : SAVESTATE:          185
999 :                    ();wl;wi;tvi;i=i(l,l);wl;     ;Nk;}AD}NrU;}S$     
1000: TNS_NS_NORULECHAIN/NS_NORULE
1000: RESTATE             
1000:                    ();wl;wi;tvi;i=i(l,l);wl;     M;Nk;}AD}NrU;}S$    
1001: TNS_NS_NORULECHAIN/NS_NORULE
1001: RESTATE             
1001:                    i();wl;wi;tvi;i=i(l,l);wl     E;Nk;}AD}NrU;}S$    
1002:E->i(W)M            i();wl;wi;tvi;i=i(l,l);wl     E;Nk;}AD}NrU;}S$    
1003: SAVESTATE:          184
1003:                    i();wl;wi;tvi;i=i(l,l);wl     i(W)M;Nk;}AD}NrU;}S$
1004:                    ();wl;wi;tvi;i=i(l,l);wl;     (W)M;Nk;}AD}NrU;}S$ 
1005:                    );wl;wi;tvi;i=i(l,l);wl;w     W)M;Nk;}AD}NrU;}S$  
1006:W->                 );wl;wi;tvi;i=i(l,l);wl;w     W)M;Nk;}AD}NrU;}S$  
1007: SAVESTATE:          185
1007:                    );wl;wi;tvi;i=i(l,l);wl;w     )M;Nk;}AD}NrU;}S$   
1008:                    ;wl;wi;tvi;i=i(l,l);wl;wi     M;Nk;}AD}NrU;}S$    
1009:M->                 ;wl;wi;tvi;i=i(l,l);wl;wi     M;Nk;}AD}NrU;}S$    
1010: SAVESTATE:          186
1010:                    ;wl;wi;tvi;i=i(l,l);wl;wi     ;Nk;}AD}NrU;}S$     
1011:                    wl;wi;tvi;i=i(l,l);wl;wi;     Nk;}AD}NrU;}S$      
1012:N->wE;N             wl;wi;tvi;i=i(l,l);wl;wi;     Nk;}AD}NrU;}S$      
1013: SAVESTATE:          187
1013:                    wl;wi;tvi;i=i(l,l);wl;wi;     wE;Nk;}AD}NrU;}S$   
1014:                    l;wi;tvi;i=i(l,l);wl;wi;k     E;Nk;}AD}NrU;}S$    
1015:E->lM               l;wi;tvi;i=i(l,l);wl;wi;k     E;Nk;}AD}NrU;}S$    
1016: SAVESTATE:          188
1016:                    l;wi;tvi;i=i(l,l);wl;wi;k     lM;Nk;}AD}NrU;}S$   
1017:                    ;wi;tvi;i=i(l,l);wl;wi;k;     M;Nk;}AD}NrU;}S$    
1018:M->                 ;wi;tvi;i=i(l,l);wl;wi;k;     M;Nk;}AD}NrU;}S$    
1019: SAVESTATE:          189
1019:                    ;wi;tvi;i=i(l,l);wl;wi;k;     ;Nk;}AD}NrU;}S$     
1020:                    wi;tvi;i=i(l,l);wl;wi;k;}     Nk;}AD}NrU;}S$      
1021:N->wE;N             wi;tvi;i=i(l,l);wl;wi;k;}     Nk;}AD}NrU;}S$      
1022: SAVESTATE:          190
1022:                    wi;tvi;i=i(l,l);wl;wi;k;}     wE;Nk;}AD}NrU;}S$   
1023:                    i;tvi;i=i(l,l);wl;wi;k;}u     E;Nk;}AD}NrU;}S$    
1024:E->iM               i;tvi;i=i(l,l);wl;wi;k;}u     E;Nk;}AD}NrU;}S$    
1025: SAVESTATE:          191
1025:                    i;tvi;i=i(l,l);wl;wi;k;}u     iM;Nk;}AD}NrU;}S$   
1026:                    ;tvi;i=i(l,l);wl;wi;k;}u{     M;Nk;}AD}NrU;}S$    
1027:M->                 ;tvi;i=i(l,l);wl;wi;k;}u{     M;Nk;}AD}NrU;}S$    
1028: SAVESTATE:          192
1028:                    ;tvi;i=i(l,l);wl;wi;k;}u{     ;Nk;}AD}NrU;}S$     
1029:                    tvi;i=i(l,l);wl;wi;k;}u{w     Nk;}AD}NrU;}S$      
1030:N->tY;N             tvi;i=i(l,l);wl;wi;k;}u{w     Nk;}AD}NrU;}S$      
1031: SAVESTATE:          193
1031:                    tvi;i=i(l,l);wl;wi;k;}u{w     tY;Nk;}AD}NrU;}S$   
1032:                    vi;i=i(l,l);wl;wi;k;}u{wl     Y;Nk;}AD}NrU;}S$    
1033:Y->vi               vi;i=i(l,l);wl;wi;k;}u{wl     Y;Nk;}AD}NrU;}S$    
1034: SAVESTATE:          194
1034:                    vi;i=i(l,l);wl;wi;k;}u{wl     vi;Nk;}AD}NrU;}S$   
1035:                    i;i=i(l,l);wl;wi;k;}u{wl;     i;Nk;}AD}NrU;}S$    
1036:                    ;i=i(l,l);wl;wi;k;}u{wl;k     ;Nk;}AD}NrU;}S$     
1037:                    i=i(l,l);wl;wi;k;}u{wl;k;     Nk;}AD}NrU;}S$      
1038:N->i=E;N            i=i(l,l);wl;wi;k;}u{wl;k;     Nk;}AD}NrU;}S$      
1039: SAVESTATE:          195
1039:                    i=i(l,l);wl;wi;k;}u{wl;k;     i=E;Nk;}AD}NrU;}S$  
1040:                    =i(l,l);wl;wi;k;}u{wl;k;}     =E;Nk;}AD}NrU;}S$   
1041:                    i(l,l);wl;wi;k;}u{wl;k;}}     E;Nk;}AD}NrU;}S$    
1042:E->iM               i(l,l);wl;wi;k;}u{wl;k;}}     E;Nk;}AD}NrU;}S$    
1043: SAVESTATE:          196
1043:                    i(l,l);wl;wi;k;}u{wl;k;}}     iM;Nk;}AD}NrU;}S$   
1044:                    (l,l);wl;wi;k;}u{wl;k;}}r     M;Nk;}AD}NrU;}S$    
1045:M->                 (l,l);wl;wi;k;}u{wl;k;}}r     M;Nk;}AD}NrU;}S$    
1046: SAVESTATE:          197
1046:                    (l,l);wl;wi;k;}u{wl;k;}}r     ;Nk;}AD}NrU;}S$     
1047: TNS_NS_NORULECHAIN/NS_NORULE
1047: RESTATE             
1047:                    (l,l);wl;wi;k;}u{wl;k;}}r     M;Nk;}AD}NrU;}S$    
1048: TNS_NS_NORULECHAIN/NS_NORULE
1048: RESTATE             
1048:                    i(l,l);wl;wi;k;}u{wl;k;}}     E;Nk;}AD}NrU;}S$    
1049:E->i(W)M            i(l,l);wl;wi;k;}u{wl;k;}}     E;Nk;}AD}NrU;}S$    
1050: SAVESTATE:          196
1050:                    i(l,l);wl;wi;k;}u{wl;k;}}     i(W)M;Nk;}AD}NrU;}S$
1051:                    (l,l);wl;wi;k;}u{wl;k;}}r     (W)M;Nk;}AD}NrU;}S$ 
1052:                    l,l);wl;wi;k;}u{wl;k;}}ri     W)M;Nk;}AD}NrU;}S$  
1053:W->l                l,l);wl;wi;k;}u{wl;k;}}ri     W)M;Nk;}AD}NrU;}S$  
1054: SAVESTATE:          197
1054:                    l,l);wl;wi;k;}u{wl;k;}}ri     l)M;Nk;}AD}NrU;}S$  
1055:                    ,l);wl;wi;k;}u{wl;k;}}ri;     )M;Nk;}AD}NrU;}S$   
1056: TNS_NS_NORULECHAIN/NS_NORULE
1056: RESTATE             
1056:                    l,l);wl;wi;k;}u{wl;k;}}ri     W)M;Nk;}AD}NrU;}S$  
1057:W->l,W              l,l);wl;wi;k;}u{wl;k;}}ri     W)M;Nk;}AD}NrU;}S$  
1058: SAVESTATE:          197
1058:                    l,l);wl;wi;k;}u{wl;k;}}ri     l,W)M;Nk;}AD}NrU;}S$
1059:                    ,l);wl;wi;k;}u{wl;k;}}ri;     ,W)M;Nk;}AD}NrU;}S$ 
1060:                    l);wl;wi;k;}u{wl;k;}}ri;}     W)M;Nk;}AD}NrU;}S$  
1061:W->l                l);wl;wi;k;}u{wl;k;}}ri;}     W)M;Nk;}AD}NrU;}S$  
1062: SAVESTATE:          198
1062:                    l);wl;wi;k;}u{wl;k;}}ri;}     l)M;Nk;}AD}NrU;}S$  
1063:                    );wl;wi;k;}u{wl;k;}}ri;}m     )M;Nk;}AD}NrU;}S$   
1064:                    ;wl;wi;k;}u{wl;k;}}ri;}m{     M;Nk;}AD}NrU;}S$    
1065:M->                 ;wl;wi;k;}u{wl;k;}}ri;}m{     M;Nk;}AD}NrU;}S$    
1066: SAVESTATE:          199
1066:                    ;wl;wi;k;}u{wl;k;}}ri;}m{     ;Nk;}AD}NrU;}S$     
1067:                    wl;wi;k;}u{wl;k;}}ri;}m{t     Nk;}AD}NrU;}S$      
1068:N->wE;N             wl;wi;k;}u{wl;k;}}ri;}m{t     Nk;}AD}NrU;}S$      
1069: SAVESTATE:          200
1069:                    wl;wi;k;}u{wl;k;}}ri;}m{t     wE;Nk;}AD}NrU;}S$   
1070:                    l;wi;k;}u{wl;k;}}ri;}m{tv     E;Nk;}AD}NrU;}S$    
1071:E->lM               l;wi;k;}u{wl;k;}}ri;}m{tv     E;Nk;}AD}NrU;}S$    
1072: SAVESTATE:          201
1072:                    l;wi;k;}u{wl;k;}}ri;}m{tv     lM;Nk;}AD}NrU;}S$   
1073:                    ;wi;k;}u{wl;k;}}ri;}m{tvi     M;Nk;}AD}NrU;}S$    
1074:M->                 ;wi;k;}u{wl;k;}}ri;}m{tvi     M;Nk;}AD}NrU;}S$    
1075: SAVESTATE:          202
1075:                    ;wi;k;}u{wl;k;}}ri;}m{tvi     ;Nk;}AD}NrU;}S$     
1076:                    wi;k;}u{wl;k;}}ri;}m{tvi;     Nk;}AD}NrU;}S$      
1077:N->wE;N             wi;k;}u{wl;k;}}ri;}m{tvi;     Nk;}AD}NrU;}S$      
1078: SAVESTATE:          203
1078:                    wi;k;}u{wl;k;}}ri;}m{tvi;     wE;Nk;}AD}NrU;}S$   
1079:                    i;k;}u{wl;k;}}ri;}m{tvi;i     E;Nk;}AD}NrU;}S$    
1080:E->iM               i;k;}u{wl;k;}}ri;}m{tvi;i     E;Nk;}AD}NrU;}S$    
1081: SAVESTATE:          204
1081:                    i;k;}u{wl;k;}}ri;}m{tvi;i     iM;Nk;}AD}NrU;}S$   
1082:                    ;k;}u{wl;k;}}ri;}m{tvi;i=     M;Nk;}AD}NrU;}S$    
1083:M->                 ;k;}u{wl;k;}}ri;}m{tvi;i=     M;Nk;}AD}NrU;}S$    
1084: SAVESTATE:          205
1084:                    ;k;}u{wl;k;}}ri;}m{tvi;i=     ;Nk;}AD}NrU;}S$     
1085:                    k;}u{wl;k;}}ri;}m{tvi;i=l     Nk;}AD}NrU;}S$      
1086:N->                 k;}u{wl;k;}}ri;}m{tvi;i=l     Nk;}AD}NrU;}S$      
1087: SAVESTATE:          206
1087:                    k;}u{wl;k;}}ri;}m{tvi;i=l     k;}AD}NrU;}S$       
1088:                    ;}u{wl;k;}}ri;}m{tvi;i=l;     ;}AD}NrU;}S$        
1089:                    }u{wl;k;}}ri;}m{tvi;i=l;w     }AD}NrU;}S$         
1090:                    u{wl;k;}}ri;}m{tvi;i=l;wi     AD}NrU;}S$          
1091: TNS_NS_NORULECHAIN/NS_NORULE
1091: RESTATE             
1091:                    k;}u{wl;k;}}ri;}m{tvi;i=l     Nk;}AD}NrU;}S$      
1092: TNS_NS_NORULECHAIN/NS_NORULE
1092: RESTATE             
1092:                    ;k;}u{wl;k;}}ri;}m{tvi;i=     M;Nk;}AD}NrU;}S$    
1093: TNS_NS_NORULECHAIN/NS_NORULE
1093: RESTATE             
1093:                    i;k;}u{wl;k;}}ri;}m{tvi;i     E;Nk;}AD}NrU;}S$    
1094:E->i(W)M            i;k;}u{wl;k;}}ri;}m{tvi;i     E;Nk;}AD}NrU;}S$    
1095: SAVESTATE:          204
1095:                    i;k;}u{wl;k;}}ri;}m{tvi;i     i(W)M;Nk;}AD}NrU;}S$
1096:                    ;k;}u{wl;k;}}ri;}m{tvi;i=     (W)M;Nk;}AD}NrU;}S$ 
1097: TNS_NS_NORULECHAIN/NS_NORULE
1097: RESTATE             
1097:                    i;k;}u{wl;k;}}ri;}m{tvi;i     E;Nk;}AD}NrU;}S$    
1098: TNS_NS_NORULECHAIN/NS_NORULE
1098: RESTATE             
1098:                    wi;k;}u{wl;k;}}ri;}m{tvi;     Nk;}AD}NrU;}S$      
1099:N->                 wi;k;}u{wl;k;}}ri;}m{tvi;     Nk;}AD}NrU;}S$      
1100: SAVESTATE:          203
1100:                    wi;k;}u{wl;k;}}ri;}m{tvi;     k;}AD}NrU;}S$       
1101: TNS_NS_NORULECHAIN/NS_NORULE
1101: RESTATE             
1101:                    wi;k;}u{wl;k;}}ri;}m{tvi;     Nk;}AD}NrU;}S$      
1102: TNS_NS_NORULECHAIN/NS_NORULE
1102: RESTATE             
1102:                    ;wi;k;}u{wl;k;}}ri;}m{tvi     M;Nk;}AD}NrU;}S$    
1103: TNS_NS_NORULECHAIN/NS_NORULE
1103: RESTATE             
1103:                    l;wi;k;}u{wl;k;}}ri;}m{tv     E;Nk;}AD}NrU;}S$    
1104: TNS_NS_NORULECHAIN/NS_NORULE
1104: RESTATE             
1104:                    wl;wi;k;}u{wl;k;}}ri;}m{t     Nk;}AD}NrU;}S$      
1105:N->                 wl;wi;k;}u{wl;k;}}ri;}m{t     Nk;}AD}NrU;}S$      
1106: SAVESTATE:          200
1106:                    wl;wi;k;}u{wl;k;}}ri;}m{t     k;}AD}NrU;}S$       
1107: TNS_NS_NORULECHAIN/NS_NORULE
1107: RESTATE             
1107:                    wl;wi;k;}u{wl;k;}}ri;}m{t     Nk;}AD}NrU;}S$      
1108: TNS_NS_NORULECHAIN/NS_NORULE
1108: RESTATE             
1108:                    ;wl;wi;k;}u{wl;k;}}ri;}m{     M;Nk;}AD}NrU;}S$    
1109: TNS_NS_NORULECHAIN/NS_NORULE
1109: RESTATE             
1109:                    l);wl;wi;k;}u{wl;k;}}ri;}     W)M;Nk;}AD}NrU;}S$  
1110:W->l,W              l);wl;wi;k;}u{wl;k;}}ri;}     W)M;Nk;}AD}NrU;}S$  
1111: SAVESTATE:          198
1111:                    l);wl;wi;k;}u{wl;k;}}ri;}     l,W)M;Nk;}AD}NrU;}S$
1112:                    );wl;wi;k;}u{wl;k;}}ri;}m     ,W)M;Nk;}AD}NrU;}S$ 
1113: TNS_NS_NORULECHAIN/NS_NORULE
1113: RESTATE             
1113:                    l);wl;wi;k;}u{wl;k;}}ri;}     W)M;Nk;}AD}NrU;}S$  
1114:W->                 l);wl;wi;k;}u{wl;k;}}ri;}     W)M;Nk;}AD}NrU;}S$  
1115: SAVESTATE:          198
1115:                    l);wl;wi;k;}u{wl;k;}}ri;}     )M;Nk;}AD}NrU;}S$   
1116: TNS_NS_NORULECHAIN/NS_NORULE
1116: RESTATE             
1116:                    l);wl;wi;k;}u{wl;k;}}ri;}     W)M;Nk;}AD}NrU;}S$  
1117: TNS_NS_NORULECHAIN/NS_NORULE
1117: RESTATE             
1117:                    l,l);wl;wi;k;}u{wl;k;}}ri     W)M;Nk;}AD}NrU;}S$  
1118:W->                 l,l);wl;wi;k;}u{wl;k;}}ri     W)M;Nk;}AD}NrU;}S$  
1119: SAVESTATE:          197
1119:                    l,l);wl;wi;k;}u{wl;k;}}ri     )M;Nk;}AD}NrU;}S$   
1120: TNS_NS_NORULECHAIN/NS_NORULE
1120: RESTATE             
1120:                    l,l);wl;wi;k;}u{wl;k;}}ri     W)M;Nk;}AD}NrU;}S$  
1121: TNS_NS_NORULECHAIN/NS_NORULE
1121: RESTATE             
1121:                    i(l,l);wl;wi;k;}u{wl;k;}}     E;Nk;}AD}NrU;}S$    
1122: TNS_NS_NORULECHAIN/NS_NORULE
1122: RESTATE             
1122:                    i=i(l,l);wl;wi;k;}u{wl;k;     Nk;}AD}NrU;}S$      
1123:N->                 i=i(l,l);wl;wi;k;}u{wl;k;     Nk;}AD}NrU;}S$      
1124: SAVESTATE:          195
1124:                    i=i(l,l);wl;wi;k;}u{wl;k;     k;}AD}NrU;}S$       
1125: TNS_NS_NORULECHAIN/NS_NORULE
1125: RESTATE             
1125:                    i=i(l,l);wl;wi;k;}u{wl;k;     Nk;}AD}NrU;}S$      
1126: TNS_NS_NORULECHAIN/NS_NORULE
1126: RESTATE             
1126:                    vi;i=i(l,l);wl;wi;k;}u{wl     Y;Nk;}AD}NrU;}S$    
1127:Y->vi=L             vi;i=i(l,l);wl;wi;k;}u{wl     Y;Nk;}AD}NrU;}S$    
1128: SAVESTATE:          194
1128:                    vi;i=i(l,l);wl;wi;k;}u{wl     vi=L;Nk;}AD}NrU;}S$ 
1129:                    i;i=i(l,l);wl;wi;k;}u{wl;     i=L;Nk;}AD}NrU;}S$  
1130:                    ;i=i(l,l);wl;wi;k;}u{wl;k     =L;Nk;}AD}NrU;}S$   
1131: TNS_NS_NORULECHAIN/NS_NORULE
1131: RESTATE             
1131:                    vi;i=i(l,l);wl;wi;k;}u{wl     Y;Nk;}AD}NrU;}S$    
1132: TNS_NS_NORULECHAIN/NS_NORULE
1132: RESTATE             
1132:                    tvi;i=i(l,l);wl;wi;k;}u{w     Nk;}AD}NrU;}S$      
1133:N->                 tvi;i=i(l,l);wl;wi;k;}u{w     Nk;}AD}NrU;}S$      
1134: SAVESTATE:          193
1134:                    tvi;i=i(l,l);wl;wi;k;}u{w     k;}AD}NrU;}S$       
1135: TNS_NS_NORULECHAIN/NS_NORULE
1135: RESTATE             
1135:                    tvi;i=i(l,l);wl;wi;k;}u{w     Nk;}AD}NrU;}S$      
1136: TNS_NS_NORULECHAIN/NS_NORULE
1136: RESTATE             
1136:                    ;tvi;i=i(l,l);wl;wi;k;}u{     M;Nk;}AD}NrU;}S$    
1137: TNS_NS_NORULECHAIN/NS_NORULE
1137: RESTATE             
1137:                    i;tvi;i=i(l,l);wl;wi;k;}u     E;Nk;}AD}NrU;}S$    
1138:E->i(W)M            i;tvi;i=i(l,l);wl;wi;k;}u     E;Nk;}AD}NrU;}S$    
1139: SAVESTATE:          191
1139:                    i;tvi;i=i(l,l);wl;wi;k;}u     i(W)M;Nk;}AD}NrU;}S$
1140:                    ;tvi;i=i(l,l);wl;wi;k;}u{     (W)M;Nk;}AD}NrU;}S$ 
1141: TNS_NS_NORULECHAIN/NS_NORULE
1141: RESTATE             
1141:                    i;tvi;i=i(l,l);wl;wi;k;}u     E;Nk;}AD}NrU;}S$    
1142: TNS_NS_NORULECHAIN/NS_NORULE
1142: RESTATE             
1142:                    wi;tvi;i=i(l,l);wl;wi;k;}     Nk;}AD}NrU;}S$      
1143:N->                 wi;tvi;i=i(l,l);wl;wi;k;}     Nk;}AD}NrU;}S$      
1144: SAVESTATE:          190
1144:                    wi;tvi;i=i(l,l);wl;wi;k;}     k;}AD}NrU;}S$       
1145: TNS_NS_NORULECHAIN/NS_NORULE
1145: RESTATE             
1145:                    wi;tvi;i=i(l,l);wl;wi;k;}     Nk;}AD}NrU;}S$      
1146: TNS_NS_NORULECHAIN/NS_NORULE
1146: RESTATE             
1146:                    ;wi;tvi;i=i(l,l);wl;wi;k;     M;Nk;}AD}NrU;}S$    
1147: TNS_NS_NORULECHAIN/NS_NORULE
1147: RESTATE             
1147:                    l;wi;tvi;i=i(l,l);wl;wi;k     E;Nk;}AD}NrU;}S$    
1148: TNS_NS_NORULECHAIN/NS_NORULE
1148: RESTATE             
1148:                    wl;wi;tvi;i=i(l,l);wl;wi;     Nk;}AD}NrU;}S$      
1149:N->                 wl;wi;tvi;i=i(l,l);wl;wi;     Nk;}AD}NrU;}S$      
1150: SAVESTATE:          187
1150:                    wl;wi;tvi;i=i(l,l);wl;wi;     k;}AD}NrU;}S$       
1151: TNS_NS_NORULECHAIN/NS_NORULE
1151: RESTATE             
1151:                    wl;wi;tvi;i=i(l,l);wl;wi;     Nk;}AD}NrU;}S$      
1152: TNS_NS_NORULECHAIN/NS_NORULE
1152: RESTATE             
1152:                    ;wl;wi;tvi;i=i(l,l);wl;wi     M;Nk;}AD}NrU;}S$    
1153: TNS_NS_NORULECHAIN/NS_NORULE
1153: RESTATE             
1153:                    );wl;wi;tvi;i=i(l,l);wl;w     W)M;Nk;}AD}NrU;}S$  
1154: TNS_NS_NORULECHAIN/NS_NORULE
1154: RESTATE             
1154:                    i();wl;wi;tvi;i=i(l,l);wl     E;Nk;}AD}NrU;}S$    
1155: TNS_NS_NORULECHAIN/NS_NORULE
1155: RESTATE             
1155:                    i=i();wl;wi;tvi;i=i(l,l);     Nk;}AD}NrU;}S$      
1156:N->                 i=i();wl;wi;tvi;i=i(l,l);     Nk;}AD}NrU;}S$      
1157: SAVESTATE:          183
1157:                    i=i();wl;wi;tvi;i=i(l,l);     k;}AD}NrU;}S$       
1158: TNS_NS_NORULECHAIN/NS_NORULE
1158: RESTATE             
1158:                    i=i();wl;wi;tvi;i=i(l,l);     Nk;}AD}NrU;}S$      
1159: TNS_NS_NORULECHAIN/NS_NORULE
1159: RESTATE             
1159:                    vi;i=i();wl;wi;tvi;i=i(l,     Y;Nk;}AD}NrU;}S$    
1160:Y->vi=L             vi;i=i();wl;wi;tvi;i=i(l,     Y;Nk;}AD}NrU;}S$    
1161: SAVESTATE:          182
1161:                    vi;i=i();wl;wi;tvi;i=i(l,     vi=L;Nk;}AD}NrU;}S$ 
1162:                    i;i=i();wl;wi;tvi;i=i(l,l     i=L;Nk;}AD}NrU;}S$  
1163:                    ;i=i();wl;wi;tvi;i=i(l,l)     =L;Nk;}AD}NrU;}S$   
1164: TNS_NS_NORULECHAIN/NS_NORULE
1164: RESTATE             
1164:                    vi;i=i();wl;wi;tvi;i=i(l,     Y;Nk;}AD}NrU;}S$    
1165: TNS_NS_NORULECHAIN/NS_NORULE
1165: RESTATE             
1165:                    tvi;i=i();wl;wi;tvi;i=i(l     Nk;}AD}NrU;}S$      
1166:N->                 tvi;i=i();wl;wi;tvi;i=i(l     Nk;}AD}NrU;}S$      
1167: SAVESTATE:          181
1167:                    tvi;i=i();wl;wi;tvi;i=i(l     k;}AD}NrU;}S$       
1168: TNS_NS_NORULECHAIN/NS_NORULE
1168: RESTATE             
1168:                    tvi;i=i();wl;wi;tvi;i=i(l     Nk;}AD}NrU;}S$      
1169: TNS_NS_NORULECHAIN/NS_NORULE
1169: RESTATE             
1169:                    ;tvi;i=i();wl;wi;tvi;i=i(     M;Nk;}AD}NrU;}S$    
1170: TNS_NS_NORULECHAIN/NS_NORULE
1170: RESTATE             
1170:                    l;tvi;i=i();wl;wi;tvi;i=i     E;Nk;}AD}NrU;}S$    
1171: TNS_NS_NORULECHAIN/NS_NORULE
1171: RESTATE             
1171:                    wl;tvi;i=i();wl;wi;tvi;i=     Nk;}AD}NrU;}S$      
1172:N->                 wl;tvi;i=i();wl;wi;tvi;i=     Nk;}AD}NrU;}S$      
1173: SAVESTATE:          178
1173:                    wl;tvi;i=i();wl;wi;tvi;i=     k;}AD}NrU;}S$       
1174: TNS_NS_NORULECHAIN/NS_NORULE
1174: RESTATE             
1174:                    wl;tvi;i=i();wl;wi;tvi;i=     Nk;}AD}NrU;}S$      
1175: TNS_NS_NORULECHAIN/NS_NORULE
1175: RESTATE             
1175:                    a(l):{wl;tvi;i=i();wl;wi;     AD}NrU;}S$          
1176:A->a(i):{Nk;}A      a(l):{wl;tvi;i=i();wl;wi;     AD}NrU;}S$          
1177: SAVESTATE:          177
1177:                    a(l):{wl;tvi;i=i();wl;wi;     a(i):{Nk;}AD}NrU;}S$
1178:                    (l):{wl;tvi;i=i();wl;wi;t     (i):{Nk;}AD}NrU;}S$ 
1179:                    l):{wl;tvi;i=i();wl;wi;tv     i):{Nk;}AD}NrU;}S$  
1180: TNS_NS_NORULECHAIN/NS_NORULE
1180: RESTATE             
1180:                    a(l):{wl;tvi;i=i();wl;wi;     AD}NrU;}S$          
1181:A->a(l):{N}A        a(l):{wl;tvi;i=i();wl;wi;     AD}NrU;}S$          
1182: SAVESTATE:          177
1182:                    a(l):{wl;tvi;i=i();wl;wi;     a(l):{N}AD}NrU;}S$  
1183:                    (l):{wl;tvi;i=i();wl;wi;t     (l):{N}AD}NrU;}S$   
1184:                    l):{wl;tvi;i=i();wl;wi;tv     l):{N}AD}NrU;}S$    
1185:                    ):{wl;tvi;i=i();wl;wi;tvi     ):{N}AD}NrU;}S$     
1186:                    :{wl;tvi;i=i();wl;wi;tvi;     :{N}AD}NrU;}S$      
1187:                    {wl;tvi;i=i();wl;wi;tvi;i     {N}AD}NrU;}S$       
1188:                    wl;tvi;i=i();wl;wi;tvi;i=     N}AD}NrU;}S$        
1189:N->wE;N             wl;tvi;i=i();wl;wi;tvi;i=     N}AD}NrU;}S$        
1190: SAVESTATE:          178
1190:                    wl;tvi;i=i();wl;wi;tvi;i=     wE;N}AD}NrU;}S$     
1191:                    l;tvi;i=i();wl;wi;tvi;i=i     E;N}AD}NrU;}S$      
1192:E->lM               l;tvi;i=i();wl;wi;tvi;i=i     E;N}AD}NrU;}S$      
1193: SAVESTATE:          179
1193:                    l;tvi;i=i();wl;wi;tvi;i=i     lM;N}AD}NrU;}S$     
1194:                    ;tvi;i=i();wl;wi;tvi;i=i(     M;N}AD}NrU;}S$      
1195:M->                 ;tvi;i=i();wl;wi;tvi;i=i(     M;N}AD}NrU;}S$      
1196: SAVESTATE:          180
1196:                    ;tvi;i=i();wl;wi;tvi;i=i(     ;N}AD}NrU;}S$       
1197:                    tvi;i=i();wl;wi;tvi;i=i(l     N}AD}NrU;}S$        
1198:N->tY;N             tvi;i=i();wl;wi;tvi;i=i(l     N}AD}NrU;}S$        
1199: SAVESTATE:          181
1199:                    tvi;i=i();wl;wi;tvi;i=i(l     tY;N}AD}NrU;}S$     
1200:                    vi;i=i();wl;wi;tvi;i=i(l,     Y;N}AD}NrU;}S$      
1201:Y->vi               vi;i=i();wl;wi;tvi;i=i(l,     Y;N}AD}NrU;}S$      
1202: SAVESTATE:          182
1202:                    vi;i=i();wl;wi;tvi;i=i(l,     vi;N}AD}NrU;}S$     
1203:                    i;i=i();wl;wi;tvi;i=i(l,l     i;N}AD}NrU;}S$      
1204:                    ;i=i();wl;wi;tvi;i=i(l,l)     ;N}AD}NrU;}S$       
1205:                    i=i();wl;wi;tvi;i=i(l,l);     N}AD}NrU;}S$        
1206:N->i=E;N            i=i();wl;wi;tvi;i=i(l,l);     N}AD}NrU;}S$        
1207: SAVESTATE:          183
1207:                    i=i();wl;wi;tvi;i=i(l,l);     i=E;N}AD}NrU;}S$    
1208:                    =i();wl;wi;tvi;i=i(l,l);w     =E;N}AD}NrU;}S$     
1209:                    i();wl;wi;tvi;i=i(l,l);wl     E;N}AD}NrU;}S$      
1210:E->iM               i();wl;wi;tvi;i=i(l,l);wl     E;N}AD}NrU;}S$      
1211: SAVESTATE:          184
1211:                    i();wl;wi;tvi;i=i(l,l);wl     iM;N}AD}NrU;}S$     
1212:                    ();wl;wi;tvi;i=i(l,l);wl;     M;N}AD}NrU;}S$      
1213:M->                 ();wl;wi;tvi;i=i(l,l);wl;     M;N}AD}NrU;}S$      
1214: SAVESTATE:          185
1214:                    ();wl;wi;tvi;i=i(l,l);wl;     ;N}AD}NrU;}S$       
1215: TNS_NS_NORULECHAIN/NS_NORULE
1215: RESTATE             
1215:                    ();wl;wi;tvi;i=i(l,l);wl;     M;N}AD}NrU;}S$      
1216: TNS_NS_NORULECHAIN/NS_NORULE
1216: RESTATE             
1216:                    i();wl;wi;tvi;i=i(l,l);wl     E;N}AD}NrU;}S$      
1217:E->i(W)M            i();wl;wi;tvi;i=i(l,l);wl     E;N}AD}NrU;}S$      
1218: SAVESTATE:          184
1218:                    i();wl;wi;tvi;i=i(l,l);wl     i(W)M;N}AD}NrU;}S$  
1219:                    ();wl;wi;tvi;i=i(l,l);wl;     (W)M;N}AD}NrU;}S$   
1220:                    );wl;wi;tvi;i=i(l,l);wl;w     W)M;N}AD}NrU;}S$    
1221:W->                 );wl;wi;tvi;i=i(l,l);wl;w     W)M;N}AD}NrU;}S$    
1222: SAVESTATE:          185
1222:                    );wl;wi;tvi;i=i(l,l);wl;w     )M;N}AD}NrU;}S$     
1223:                    ;wl;wi;tvi;i=i(l,l);wl;wi     M;N}AD}NrU;}S$      
1224:M->                 ;wl;wi;tvi;i=i(l,l);wl;wi     M;N}AD}NrU;}S$      
1225: SAVESTATE:          186
1225:                    ;wl;wi;tvi;i=i(l,l);wl;wi     ;N}AD}NrU;}S$       
1226:                    wl;wi;tvi;i=i(l,l);wl;wi;     N}AD}NrU;}S$        
1227:N->wE;N             wl;wi;tvi;i=i(l,l);wl;wi;     N}AD}NrU;}S$        
1228: SAVESTATE:          187
1228:                    wl;wi;tvi;i=i(l,l);wl;wi;     wE;N}AD}NrU;}S$     
1229:                    l;wi;tvi;i=i(l,l);wl;wi;k     E;N}AD}NrU;}S$      
1230:E->lM               l;wi;tvi;i=i(l,l);wl;wi;k     E;N}AD}NrU;}S$      
1231: SAVESTATE:          188
1231:                    l;wi;tvi;i=i(l,l);wl;wi;k     lM;N}AD}NrU;}S$     
1232:                    ;wi;tvi;i=i(l,l);wl;wi;k;     M;N}AD}NrU;}S$      
1233:M->                 ;wi;tvi;i=i(l,l);wl;wi;k;     M;N}AD}NrU;}S$      
1234: SAVESTATE:          189
1234:                    ;wi;tvi;i=i(l,l);wl;wi;k;     ;N}AD}NrU;}S$       
1235:                    wi;tvi;i=i(l,l);wl;wi;k;}     N}AD}NrU;}S$        
1236:N->wE;N             wi;tvi;i=i(l,l);wl;wi;k;}     N}AD}NrU;}S$        
1237: SAVESTATE:          190
1237:                    wi;tvi;i=i(l,l);wl;wi;k;}     wE;N}AD}NrU;}S$     
1238:                    i;tvi;i=i(l,l);wl;wi;k;}u     E;N}AD}NrU;}S$      
1239:E->iM               i;tvi;i=i(l,l);wl;wi;k;}u     E;N}AD}NrU;}S$      
1240: SAVESTATE:          191
1240:                    i;tvi;i=i(l,l);wl;wi;k;}u     iM;N}AD}NrU;}S$     
1241:                    ;tvi;i=i(l,l);wl;wi;k;}u{     M;N}AD}NrU;}S$      
1242:M->                 ;tvi;i=i(l,l);wl;wi;k;}u{     M;N}AD}NrU;}S$      
1243: SAVESTATE:          192
1243:                    ;tvi;i=i(l,l);wl;wi;k;}u{     ;N}AD}NrU;}S$       
1244:                    tvi;i=i(l,l);wl;wi;k;}u{w     N}AD}NrU;}S$        
1245:N->tY;N             tvi;i=i(l,l);wl;wi;k;}u{w     N}AD}NrU;}S$        
1246: SAVESTATE:          193
1246:                    tvi;i=i(l,l);wl;wi;k;}u{w     tY;N}AD}NrU;}S$     
1247:                    vi;i=i(l,l);wl;wi;k;}u{wl     Y;N}AD}NrU;}S$      
1248:Y->vi               vi;i=i(l,l);wl;wi;k;}u{wl     Y;N}AD}NrU;}S$      
1249: SAVESTATE:          194
1249:                    vi;i=i(l,l);wl;wi;k;}u{wl     vi;N}AD}NrU;}S$     
1250:                    i;i=i(l,l);wl;wi;k;}u{wl;     i;N}AD}NrU;}S$      
1251:                    ;i=i(l,l);wl;wi;k;}u{wl;k     ;N}AD}NrU;}S$       
1252:                    i=i(l,l);wl;wi;k;}u{wl;k;     N}AD}NrU;}S$        
1253:N->i=E;N            i=i(l,l);wl;wi;k;}u{wl;k;     N}AD}NrU;}S$        
1254: SAVESTATE:          195
1254:                    i=i(l,l);wl;wi;k;}u{wl;k;     i=E;N}AD}NrU;}S$    
1255:                    =i(l,l);wl;wi;k;}u{wl;k;}     =E;N}AD}NrU;}S$     
1256:                    i(l,l);wl;wi;k;}u{wl;k;}}     E;N}AD}NrU;}S$      
1257:E->iM               i(l,l);wl;wi;k;}u{wl;k;}}     E;N}AD}NrU;}S$      
1258: SAVESTATE:          196
1258:                    i(l,l);wl;wi;k;}u{wl;k;}}     iM;N}AD}NrU;}S$     
1259:                    (l,l);wl;wi;k;}u{wl;k;}}r     M;N}AD}NrU;}S$      
1260:M->                 (l,l);wl;wi;k;}u{wl;k;}}r     M;N}AD}NrU;}S$      
1261: SAVESTATE:          197
1261:                    (l,l);wl;wi;k;}u{wl;k;}}r     ;N}AD}NrU;}S$       
1262: TNS_NS_NORULECHAIN/NS_NORULE
1262: RESTATE             
1262:                    (l,l);wl;wi;k;}u{wl;k;}}r     M;N}AD}NrU;}S$      
1263: TNS_NS_NORULECHAIN/NS_NORULE
1263: RESTATE             
1263:                    i(l,l);wl;wi;k;}u{wl;k;}}     E;N}AD}NrU;}S$      
1264:E->i(W)M            i(l,l);wl;wi;k;}u{wl;k;}}     E;N}AD}NrU;}S$      
1265: SAVESTATE:          196
1265:                    i(l,l);wl;wi;k;}u{wl;k;}}     i(W)M;N}AD}NrU;}S$  
1266:                    (l,l);wl;wi;k;}u{wl;k;}}r     (W)M;N}AD}NrU;}S$   
1267:                    l,l);wl;wi;k;}u{wl;k;}}ri     W)M;N}AD}NrU;}S$    
1268:W->l                l,l);wl;wi;k;}u{wl;k;}}ri     W)M;N}AD}NrU;}S$    
1269: SAVESTATE:          197
1269:                    l,l);wl;wi;k;}u{wl;k;}}ri     l)M;N}AD}NrU;}S$    
1270:                    ,l);wl;wi;k;}u{wl;k;}}ri;     )M;N}AD}NrU;}S$     
1271: TNS_NS_NORULECHAIN/NS_NORULE
1271: RESTATE             
1271:                    l,l);wl;wi;k;}u{wl;k;}}ri     W)M;N}AD}NrU;}S$    
1272:W->l,W              l,l);wl;wi;k;}u{wl;k;}}ri     W)M;N}AD}NrU;}S$    
1273: SAVESTATE:          197
1273:                    l,l);wl;wi;k;}u{wl;k;}}ri     l,W)M;N}AD}NrU;}S$  
1274:                    ,l);wl;wi;k;}u{wl;k;}}ri;     ,W)M;N}AD}NrU;}S$   
1275:                    l);wl;wi;k;}u{wl;k;}}ri;}     W)M;N}AD}NrU;}S$    
1276:W->l                l);wl;wi;k;}u{wl;k;}}ri;}     W)M;N}AD}NrU;}S$    
1277: SAVESTATE:          198
1277:                    l);wl;wi;k;}u{wl;k;}}ri;}     l)M;N}AD}NrU;}S$    
1278:                    );wl;wi;k;}u{wl;k;}}ri;}m     )M;N}AD}NrU;}S$     
1279:                    ;wl;wi;k;}u{wl;k;}}ri;}m{     M;N}AD}NrU;}S$      
1280:M->                 ;wl;wi;k;}u{wl;k;}}ri;}m{     M;N}AD}NrU;}S$      
1281: SAVESTATE:          199
1281:                    ;wl;wi;k;}u{wl;k;}}ri;}m{     ;N}AD}NrU;}S$       
1282:                    wl;wi;k;}u{wl;k;}}ri;}m{t     N}AD}NrU;}S$        
1283:N->wE;N             wl;wi;k;}u{wl;k;}}ri;}m{t     N}AD}NrU;}S$        
1284: SAVESTATE:          200
1284:                    wl;wi;k;}u{wl;k;}}ri;}m{t     wE;N}AD}NrU;}S$     
1285:                    l;wi;k;}u{wl;k;}}ri;}m{tv     E;N}AD}NrU;}S$      
1286:E->lM               l;wi;k;}u{wl;k;}}ri;}m{tv     E;N}AD}NrU;}S$      
1287: SAVESTATE:          201
1287:                    l;wi;k;}u{wl;k;}}ri;}m{tv     lM;N}AD}NrU;}S$     
1288:                    ;wi;k;}u{wl;k;}}ri;}m{tvi     M;N}AD}NrU;}S$      
1289:M->                 ;wi;k;}u{wl;k;}}ri;}m{tvi     M;N}AD}NrU;}S$      
1290: SAVESTATE:          202
1290:                    ;wi;k;}u{wl;k;}}ri;}m{tvi     ;N}AD}NrU;}S$       
1291:                    wi;k;}u{wl;k;}}ri;}m{tvi;     N}AD}NrU;}S$        
1292:N->wE;N             wi;k;}u{wl;k;}}ri;}m{tvi;     N}AD}NrU;}S$        
1293: SAVESTATE:          203
1293:                    wi;k;}u{wl;k;}}ri;}m{tvi;     wE;N}AD}NrU;}S$     
1294:                    i;k;}u{wl;k;}}ri;}m{tvi;i     E;N}AD}NrU;}S$      
1295:E->iM               i;k;}u{wl;k;}}ri;}m{tvi;i     E;N}AD}NrU;}S$      
1296: SAVESTATE:          204
1296:                    i;k;}u{wl;k;}}ri;}m{tvi;i     iM;N}AD}NrU;}S$     
1297:                    ;k;}u{wl;k;}}ri;}m{tvi;i=     M;N}AD}NrU;}S$      
1298:M->                 ;k;}u{wl;k;}}ri;}m{tvi;i=     M;N}AD}NrU;}S$      
1299: SAVESTATE:          205
1299:                    ;k;}u{wl;k;}}ri;}m{tvi;i=     ;N}AD}NrU;}S$       
1300:                    k;}u{wl;k;}}ri;}m{tvi;i=l     N}AD}NrU;}S$        
1301:N->                 k;}u{wl;k;}}ri;}m{tvi;i=l     N}AD}NrU;}S$        
1302: SAVESTATE:          206
1302:                    k;}u{wl;k;}}ri;}m{tvi;i=l     }AD}NrU;}S$         
1303: TNS_NS_NORULECHAIN/NS_NORULE
1303: RESTATE             
1303:                    k;}u{wl;k;}}ri;}m{tvi;i=l     N}AD}NrU;}S$        
1304: TNS_NS_NORULECHAIN/NS_NORULE
1304: RESTATE             
1304:                    ;k;}u{wl;k;}}ri;}m{tvi;i=     M;N}AD}NrU;}S$      
1305: TNS_NS_NORULECHAIN/NS_NORULE
1305: RESTATE             
1305:                    i;k;}u{wl;k;}}ri;}m{tvi;i     E;N}AD}NrU;}S$      
1306:E->i(W)M            i;k;}u{wl;k;}}ri;}m{tvi;i     E;N}AD}NrU;}S$      
1307: SAVESTATE:          204
1307:                    i;k;}u{wl;k;}}ri;}m{tvi;i     i(W)M;N}AD}NrU;}S$  
1308:                    ;k;}u{wl;k;}}ri;}m{tvi;i=     (W)M;N}AD}NrU;}S$   
1309: TNS_NS_NORULECHAIN/NS_NORULE
1309: RESTATE             
1309:                    i;k;}u{wl;k;}}ri;}m{tvi;i     E;N}AD}NrU;}S$      
1310: TNS_NS_NORULECHAIN/NS_NORULE
1310: RESTATE             
1310:                    wi;k;}u{wl;k;}}ri;}m{tvi;     N}AD}NrU;}S$        
1311:N->                 wi;k;}u{wl;k;}}ri;}m{tvi;     N}AD}NrU;}S$        
1312: SAVESTATE:          203
1312:                    wi;k;}u{wl;k;}}ri;}m{tvi;     }AD}NrU;}S$         
1313: TNS_NS_NORULECHAIN/NS_NORULE
1313: RESTATE             
1313:                    wi;k;}u{wl;k;}}ri;}m{tvi;     N}AD}NrU;}S$        
1314: TNS_NS_NORULECHAIN/NS_NORULE
1314: RESTATE             
1314:                    ;wi;k;}u{wl;k;}}ri;}m{tvi     M;N}AD}NrU;}S$      
1315: TNS_NS_NORULECHAIN/NS_NORULE
1315: RESTATE             
1315:                    l;wi;k;}u{wl;k;}}ri;}m{tv     E;N}AD}NrU;}S$      
1316: TNS_NS_NORULECHAIN/NS_NORULE
1316: RESTATE             
1316:                    wl;wi;k;}u{wl;k;}}ri;}m{t     N}AD}NrU;}S$        
1317:N->                 wl;wi;k;}u{wl;k;}}ri;}m{t     N}AD}NrU;}S$        
1318: SAVESTATE:          200
1318:                    wl;wi;k;}u{wl;k;}}ri;}m{t     }AD}NrU;}S$         
1319: TNS_NS_NORULECHAIN/NS_NORULE
1319: RESTATE             
1319:                    wl;wi;k;}u{wl;k;}}ri;}m{t     N}AD}NrU;}S$        
1320: TNS_NS_NORULECHAIN/NS_NORULE
1320: RESTATE             
1320:                    ;wl;wi;k;}u{wl;k;}}ri;}m{     M;N}AD}NrU;}S$      
1321: TNS_NS_NORULECHAIN/NS_NORULE
1321: RESTATE             
1321:                    l);wl;wi;k;}u{wl;k;}}ri;}     W)M;N}AD}NrU;}S$    
1322:W->l,W              l);wl;wi;k;}u{wl;k;}}ri;}     W)M;N}AD}NrU;}S$    
1323: SAVESTATE:          198
1323:                    l);wl;wi;k;}u{wl;k;}}ri;}     l,W)M;N}AD}NrU;}S$  
1324:                    );wl;wi;k;}u{wl;k;}}ri;}m     ,W)M;N}AD}NrU;}S$   
1325: TNS_NS_NORULECHAIN/NS_NORULE
1325: RESTATE             
1325:                    l);wl;wi;k;}u{wl;k;}}ri;}     W)M;N}AD}NrU;}S$    
1326:W->                 l);wl;wi;k;}u{wl;k;}}ri;}     W)M;N}AD}NrU;}S$    
1327: SAVESTATE:          198
1327:                    l);wl;wi;k;}u{wl;k;}}ri;}     )M;N}AD}NrU;}S$     
1328: TNS_NS_NORULECHAIN/NS_NORULE
1328: RESTATE             
1328:                    l);wl;wi;k;}u{wl;k;}}ri;}     W)M;N}AD}NrU;}S$    
1329: TNS_NS_NORULECHAIN/NS_NORULE
1329: RESTATE             
1329:                    l,l);wl;wi;k;}u{wl;k;}}ri     W)M;N}AD}NrU;}S$    
1330:W->                 l,l);wl;wi;k;}u{wl;k;}}ri     W)M;N}AD}NrU;}S$    
1331: SAVESTATE:          197
1331:                    l,l);wl;wi;k;}u{wl;k;}}ri     )M;N}AD}NrU;}S$     
1332: TNS_NS_NORULECHAIN/NS_NORULE
1332: RESTATE             
1332:                    l,l);wl;wi;k;}u{wl;k;}}ri     W)M;N}AD}NrU;}S$    
1333: TNS_NS_NORULECHAIN/NS_NORULE
1333: RESTATE             
1333:                    i(l,l);wl;wi;k;}u{wl;k;}}     E;N}AD}NrU;}S$      
1334: TNS_NS_NORULECHAIN/NS_NORULE
1334: RESTATE             
1334:                    i=i(l,l);wl;wi;k;}u{wl;k;     N}AD}NrU;}S$        
1335:N->                 i=i(l,l);wl;wi;k;}u{wl;k;     N}AD}NrU;}S$        
1336: SAVESTATE:          195
1336:                    i=i(l,l);wl;wi;k;}u{wl;k;     }AD}NrU;}S$         
1337: TNS_NS_NORULECHAIN/NS_NORULE
1337: RESTATE             
1337:                    i=i(l,l);wl;wi;k;}u{wl;k;     N}AD}NrU;}S$        
1338: TNS_NS_NORULECHAIN/NS_NORULE
1338: RESTATE             
1338:                    vi;i=i(l,l);wl;wi;k;}u{wl     Y;N}AD}NrU;}S$      
1339:Y->vi=L             vi;i=i(l,l);wl;wi;k;}u{wl     Y;N}AD}NrU;}S$      
1340: SAVESTATE:          194
1340:                    vi;i=i(l,l);wl;wi;k;}u{wl     vi=L;N}AD}NrU;}S$   
1341:                    i;i=i(l,l);wl;wi;k;}u{wl;     i=L;N}AD}NrU;}S$    
1342:                    ;i=i(l,l);wl;wi;k;}u{wl;k     =L;N}AD}NrU;}S$     
1343: TNS_NS_NORULECHAIN/NS_NORULE
1343: RESTATE             
1343:                    vi;i=i(l,l);wl;wi;k;}u{wl     Y;N}AD}NrU;}S$      
1344: TNS_NS_NORULECHAIN/NS_NORULE
1344: RESTATE             
1344:                    tvi;i=i(l,l);wl;wi;k;}u{w     N}AD}NrU;}S$        
1345:N->                 tvi;i=i(l,l);wl;wi;k;}u{w     N}AD}NrU;}S$        
1346: SAVESTATE:          193
1346:                    tvi;i=i(l,l);wl;wi;k;}u{w     }AD}NrU;}S$         
1347: TNS_NS_NORULECHAIN/NS_NORULE
1347: RESTATE             
1347:                    tvi;i=i(l,l);wl;wi;k;}u{w     N}AD}NrU;}S$        
1348: TNS_NS_NORULECHAIN/NS_NORULE
1348: RESTATE             
1348:                    ;tvi;i=i(l,l);wl;wi;k;}u{     M;N}AD}NrU;}S$      
1349: TNS_NS_NORULECHAIN/NS_NORULE
1349: RESTATE             
1349:                    i;tvi;i=i(l,l);wl;wi;k;}u     E;N}AD}NrU;}S$      
1350:E->i(W)M            i;tvi;i=i(l,l);wl;wi;k;}u     E;N}AD}NrU;}S$      
1351: SAVESTATE:          191
1351:                    i;tvi;i=i(l,l);wl;wi;k;}u     i(W)M;N}AD}NrU;}S$  
1352:                    ;tvi;i=i(l,l);wl;wi;k;}u{     (W)M;N}AD}NrU;}S$   
1353: TNS_NS_NORULECHAIN/NS_NORULE
1353: RESTATE             
1353:                    i;tvi;i=i(l,l);wl;wi;k;}u     E;N}AD}NrU;}S$      
1354: TNS_NS_NORULECHAIN/NS_NORULE
1354: RESTATE             
1354:                    wi;tvi;i=i(l,l);wl;wi;k;}     N}AD}NrU;}S$        
1355:N->                 wi;tvi;i=i(l,l);wl;wi;k;}     N}AD}NrU;}S$        
1356: SAVESTATE:          190
1356:                    wi;tvi;i=i(l,l);wl;wi;k;}     }AD}NrU;}S$         
1357: TNS_NS_NORULECHAIN/NS_NORULE
1357: RESTATE             
1357:                    wi;tvi;i=i(l,l);wl;wi;k;}     N}AD}NrU;}S$        
1358: TNS_NS_NORULECHAIN/NS_NORULE
1358: RESTATE             
1358:                    ;wi;tvi;i=i(l,l);wl;wi;k;     M;N}AD}NrU;}S$      
1359: TNS_NS_NORULECHAIN/NS_NORULE
1359: RESTATE             
1359:                    l;wi;tvi;i=i(l,l);wl;wi;k     E;N}AD}NrU;}S$      
1360: TNS_NS_NORULECHAIN/NS_NORULE
1360: RESTATE             
1360:                    wl;wi;tvi;i=i(l,l);wl;wi;     N}AD}NrU;}S$        
1361:N->                 wl;wi;tvi;i=i(l,l);wl;wi;     N}AD}NrU;}S$        
1362: SAVESTATE:          187
1362:                    wl;wi;tvi;i=i(l,l);wl;wi;     }AD}NrU;}S$         
1363: TNS_NS_NORULECHAIN/NS_NORULE
1363: RESTATE             
1363:                    wl;wi;tvi;i=i(l,l);wl;wi;     N}AD}NrU;}S$        
1364: TNS_NS_NORULECHAIN/NS_NORULE
1364: RESTATE             
1364:                    ;wl;wi;tvi;i=i(l,l);wl;wi     M;N}AD}NrU;}S$      
1365: TNS_NS_NORULECHAIN/NS_NORULE
1365: RESTATE             
1365:                    );wl;wi;tvi;i=i(l,l);wl;w     W)M;N}AD}NrU;}S$    
1366: TNS_NS_NORULECHAIN/NS_NORULE
1366: RESTATE             
1366:                    i();wl;wi;tvi;i=i(l,l);wl     E;N}AD}NrU;}S$      
1367: TNS_NS_NORULECHAIN/NS_NORULE
1367: RESTATE             
1367:                    i=i();wl;wi;tvi;i=i(l,l);     N}AD}NrU;}S$        
1368:N->                 i=i();wl;wi;tvi;i=i(l,l);     N}AD}NrU;}S$        
1369: SAVESTATE:          183
1369:                    i=i();wl;wi;tvi;i=i(l,l);     }AD}NrU;}S$         
1370: TNS_NS_NORULECHAIN/NS_NORULE
1370: RESTATE             
1370:                    i=i();wl;wi;tvi;i=i(l,l);     N}AD}NrU;}S$        
1371: TNS_NS_NORULECHAIN/NS_NORULE
1371: RESTATE             
1371:                    vi;i=i();wl;wi;tvi;i=i(l,     Y;N}AD}NrU;}S$      
1372:Y->vi=L             vi;i=i();wl;wi;tvi;i=i(l,     Y;N}AD}NrU;}S$      
1373: SAVESTATE:          182
1373:                    vi;i=i();wl;wi;tvi;i=i(l,     vi=L;N}AD}NrU;}S$   
1374:                    i;i=i();wl;wi;tvi;i=i(l,l     i=L;N}AD}NrU;}S$    
1375:                    ;i=i();wl;wi;tvi;i=i(l,l)     =L;N}AD}NrU;}S$     
1376: TNS_NS_NORULECHAIN/NS_NORULE
1376: RESTATE             
1376:                    vi;i=i();wl;wi;tvi;i=i(l,     Y;N}AD}NrU;}S$      
1377: TNS_NS_NORULECHAIN/NS_NORULE
1377: RESTATE             
1377:                    tvi;i=i();wl;wi;tvi;i=i(l     N}AD}NrU;}S$        
1378:N->                 tvi;i=i();wl;wi;tvi;i=i(l     N}AD}NrU;}S$        
1379: SAVESTATE:          181
1379:                    tvi;i=i();wl;wi;tvi;i=i(l     }AD}NrU;}S$         
1380: TNS_NS_NORULECHAIN/NS_NORULE
1380: RESTATE             
1380:                    tvi;i=i();wl;wi;tvi;i=i(l     N}AD}NrU;}S$        
1381: TNS_NS_NORULECHAIN/NS_NORULE
1381: RESTATE             
1381:                    ;tvi;i=i();wl;wi;tvi;i=i(     M;N}AD}NrU;}S$      
1382: TNS_NS_NORULECHAIN/NS_NORULE
1382: RESTATE             
1382:                    l;tvi;i=i();wl;wi;tvi;i=i     E;N}AD}NrU;}S$      
1383: TNS_NS_NORULECHAIN/NS_NORULE
1383: RESTATE             
1383:                    wl;tvi;i=i();wl;wi;tvi;i=     N}AD}NrU;}S$        
1384:N->                 wl;tvi;i=i();wl;wi;tvi;i=     N}AD}NrU;}S$        
1385: SAVESTATE:          178
1385:                    wl;tvi;i=i();wl;wi;tvi;i=     }AD}NrU;}S$         
1386: TNS_NS_NORULECHAIN/NS_NORULE
1386: RESTATE             
1386:                    wl;tvi;i=i();wl;wi;tvi;i=     N}AD}NrU;}S$        
1387: TNS_NS_NORULECHAIN/NS_NORULE
1387: RESTATE             
1387:                    a(l):{wl;tvi;i=i();wl;wi;     AD}NrU;}S$          
1388:A->a(i):{N}A        a(l):{wl;tvi;i=i();wl;wi;     AD}NrU;}S$          
1389: SAVESTATE:          177
1389:                    a(l):{wl;tvi;i=i();wl;wi;     a(i):{N}AD}NrU;}S$  
1390:                    (l):{wl;tvi;i=i();wl;wi;t     (i):{N}AD}NrU;}S$   
1391:                    l):{wl;tvi;i=i();wl;wi;tv     i):{N}AD}NrU;}S$    
1392: TNS_NS_NORULECHAIN/NS_NORULE
1392: RESTATE             
1392:                    a(l):{wl;tvi;i=i();wl;wi;     AD}NrU;}S$          
1393:A->a(l):{Nk;}       a(l):{wl;tvi;i=i();wl;wi;     AD}NrU;}S$          
1394: SAVESTATE:          177
1394:                    a(l):{wl;tvi;i=i();wl;wi;     a(l):{Nk;}D}NrU;}S$ 
1395:                    (l):{wl;tvi;i=i();wl;wi;t     (l):{Nk;}D}NrU;}S$  
1396:                    l):{wl;tvi;i=i();wl;wi;tv     l):{Nk;}D}NrU;}S$   
1397:                    ):{wl;tvi;i=i();wl;wi;tvi     ):{Nk;}D}NrU;}S$    
1398:                    :{wl;tvi;i=i();wl;wi;tvi;     :{Nk;}D}NrU;}S$     
1399:                    {wl;tvi;i=i();wl;wi;tvi;i     {Nk;}D}NrU;}S$      
1400:                    wl;tvi;i=i();wl;wi;tvi;i=     Nk;}D}NrU;}S$       
1401:N->wE;N             wl;tvi;i=i();wl;wi;tvi;i=     Nk;}D}NrU;}S$       
1402: SAVESTATE:          178
1402:                    wl;tvi;i=i();wl;wi;tvi;i=     wE;Nk;}D}NrU;}S$    
1403:                    l;tvi;i=i();wl;wi;tvi;i=i     E;Nk;}D}NrU;}S$     
1404:E->lM               l;tvi;i=i();wl;wi;tvi;i=i     E;Nk;}D}NrU;}S$     
1405: SAVESTATE:          179
1405:                    l;tvi;i=i();wl;wi;tvi;i=i     lM;Nk;}D}NrU;}S$    
1406:                    ;tvi;i=i();wl;wi;tvi;i=i(     M;Nk;}D}NrU;}S$     
1407:M->                 ;tvi;i=i();wl;wi;tvi;i=i(     M;Nk;}D}NrU;}S$     
1408: SAVESTATE:          180
1408:                    ;tvi;i=i();wl;wi;tvi;i=i(     ;Nk;}D}NrU;}S$      
1409:                    tvi;i=i();wl;wi;tvi;i=i(l     Nk;}D}NrU;}S$       
1410:N->tY;N             tvi;i=i();wl;wi;tvi;i=i(l     Nk;}D}NrU;}S$       
1411: SAVESTATE:          181
1411:                    tvi;i=i();wl;wi;tvi;i=i(l     tY;Nk;}D}NrU;}S$    
1412:                    vi;i=i();wl;wi;tvi;i=i(l,     Y;Nk;}D}NrU;}S$     
1413:Y->vi               vi;i=i();wl;wi;tvi;i=i(l,     Y;Nk;}D}NrU;}S$     
1414: SAVESTATE:          182
1414:                    vi;i=i();wl;wi;tvi;i=i(l,     vi;Nk;}D}NrU;}S$    
1415:                    i;i=i();wl;wi;tvi;i=i(l,l     i;Nk;}D}NrU;}S$     
1416:                    ;i=i();wl;wi;tvi;i=i(l,l)     ;Nk;}D}NrU;}S$      
1417:                    i=i();wl;wi;tvi;i=i(l,l);     Nk;}D}NrU;}S$       
1418:N->i=E;N            i=i();wl;wi;tvi;i=i(l,l);     Nk;}D}NrU;}S$       
1419: SAVESTATE:          183
1419:                    i=i();wl;wi;tvi;i=i(l,l);     i=E;Nk;}D}NrU;}S$   
1420:                    =i();wl;wi;tvi;i=i(l,l);w     =E;Nk;}D}NrU;}S$    
1421:                    i();wl;wi;tvi;i=i(l,l);wl     E;Nk;}D}NrU;}S$     
1422:E->iM               i();wl;wi;tvi;i=i(l,l);wl     E;Nk;}D}NrU;}S$     
1423: SAVESTATE:          184
1423:                    i();wl;wi;tvi;i=i(l,l);wl     iM;Nk;}D}NrU;}S$    
1424:                    ();wl;wi;tvi;i=i(l,l);wl;     M;Nk;}D}NrU;}S$     
1425:M->                 ();wl;wi;tvi;i=i(l,l);wl;     M;Nk;}D}NrU;}S$     
1426: SAVESTATE:          185
1426:                    ();wl;wi;tvi;i=i(l,l);wl;     ;Nk;}D}NrU;}S$      
1427: TNS_NS_NORULECHAIN/NS_NORULE
1427: RESTATE             
1427:                    ();wl;wi;tvi;i=i(l,l);wl;     M;Nk;}D}NrU;}S$     
1428: TNS_NS_NORULECHAIN/NS_NORULE
1428: RESTATE             
1428:                    i();wl;wi;tvi;i=i(l,l);wl     E;Nk;}D}NrU;}S$     
1429:E->i(W)M            i();wl;wi;tvi;i=i(l,l);wl     E;Nk;}D}NrU;}S$     
1430: SAVESTATE:          184
1430:                    i();wl;wi;tvi;i=i(l,l);wl     i(W)M;Nk;}D}NrU;}S$ 
1431:                    ();wl;wi;tvi;i=i(l,l);wl;     (W)M;Nk;}D}NrU;}S$  
1432:                    );wl;wi;tvi;i=i(l,l);wl;w     W)M;Nk;}D}NrU;}S$   
1433:W->                 );wl;wi;tvi;i=i(l,l);wl;w     W)M;Nk;}D}NrU;}S$   
1434: SAVESTATE:          185
1434:                    );wl;wi;tvi;i=i(l,l);wl;w     )M;Nk;}D}NrU;}S$    
1435:                    ;wl;wi;tvi;i=i(l,l);wl;wi     M;Nk;}D}NrU;}S$     
1436:M->                 ;wl;wi;tvi;i=i(l,l);wl;wi     M;Nk;}D}NrU;}S$     
1437: SAVESTATE:          186
1437:                    ;wl;wi;tvi;i=i(l,l);wl;wi     ;Nk;}D}NrU;}S$      
1438:                    wl;wi;tvi;i=i(l,l);wl;wi;     Nk;}D}NrU;}S$       
1439:N->wE;N             wl;wi;tvi;i=i(l,l);wl;wi;     Nk;}D}NrU;}S$       
1440: SAVESTATE:          187
1440:                    wl;wi;tvi;i=i(l,l);wl;wi;     wE;Nk;}D}NrU;}S$    
1441:                    l;wi;tvi;i=i(l,l);wl;wi;k     E;Nk;}D}NrU;}S$     
1442:E->lM               l;wi;tvi;i=i(l,l);wl;wi;k     E;Nk;}D}NrU;}S$     
1443: SAVESTATE:          188
1443:                    l;wi;tvi;i=i(l,l);wl;wi;k     lM;Nk;}D}NrU;}S$    
1444:                    ;wi;tvi;i=i(l,l);wl;wi;k;     M;Nk;}D}NrU;}S$     
1445:M->                 ;wi;tvi;i=i(l,l);wl;wi;k;     M;Nk;}D}NrU;}S$     
1446: SAVESTATE:          189
1446:                    ;wi;tvi;i=i(l,l);wl;wi;k;     ;Nk;}D}NrU;}S$      
1447:                    wi;tvi;i=i(l,l);wl;wi;k;}     Nk;}D}NrU;}S$       
1448:N->wE;N             wi;tvi;i=i(l,l);wl;wi;k;}     Nk;}D}NrU;}S$       
1449: SAVESTATE:          190
1449:                    wi;tvi;i=i(l,l);wl;wi;k;}     wE;Nk;}D}NrU;}S$    
1450:                    i;tvi;i=i(l,l);wl;wi;k;}u     E;Nk;}D}NrU;}S$     
1451:E->iM               i;tvi;i=i(l,l);wl;wi;k;}u     E;Nk;}D}NrU;}S$     
1452: SAVESTATE:          191
1452:                    i;tvi;i=i(l,l);wl;wi;k;}u     iM;Nk;}D}NrU;}S$    
1453:                    ;tvi;i=i(l,l);wl;wi;k;}u{     M;Nk;}D}NrU;}S$     
1454:M->                 ;tvi;i=i(l,l);wl;wi;k;}u{     M;Nk;}D}NrU;}S$     
1455: SAVESTATE:          192
1455:                    ;tvi;i=i(l,l);wl;wi;k;}u{     ;Nk;}D}NrU;}S$      
1456:                    tvi;i=i(l,l);wl;wi;k;}u{w     Nk;}D}NrU;}S$       
1457:N->tY;N             tvi;i=i(l,l);wl;wi;k;}u{w     Nk;}D}NrU;}S$       
1458: SAVESTATE:          193
1458:                    tvi;i=i(l,l);wl;wi;k;}u{w     tY;Nk;}D}NrU;}S$    
1459:                    vi;i=i(l,l);wl;wi;k;}u{wl     Y;Nk;}D}NrU;}S$     
1460:Y->vi               vi;i=i(l,l);wl;wi;k;}u{wl     Y;Nk;}D}NrU;}S$     
1461: SAVESTATE:          194
1461:                    vi;i=i(l,l);wl;wi;k;}u{wl     vi;Nk;}D}NrU;}S$    
1462:                    i;i=i(l,l);wl;wi;k;}u{wl;     i;Nk;}D}NrU;}S$     
1463:                    ;i=i(l,l);wl;wi;k;}u{wl;k     ;Nk;}D}NrU;}S$      
1464:                    i=i(l,l);wl;wi;k;}u{wl;k;     Nk;}D}NrU;}S$       
1465:N->i=E;N            i=i(l,l);wl;wi;k;}u{wl;k;     Nk;}D}NrU;}S$       
1466: SAVESTATE:          195
1466:                    i=i(l,l);wl;wi;k;}u{wl;k;     i=E;Nk;}D}NrU;}S$   
1467:                    =i(l,l);wl;wi;k;}u{wl;k;}     =E;Nk;}D}NrU;}S$    
1468:                    i(l,l);wl;wi;k;}u{wl;k;}}     E;Nk;}D}NrU;}S$     
1469:E->iM               i(l,l);wl;wi;k;}u{wl;k;}}     E;Nk;}D}NrU;}S$     
1470: SAVESTATE:          196
1470:                    i(l,l);wl;wi;k;}u{wl;k;}}     iM;Nk;}D}NrU;}S$    
1471:                    (l,l);wl;wi;k;}u{wl;k;}}r     M;Nk;}D}NrU;}S$     
1472:M->                 (l,l);wl;wi;k;}u{wl;k;}}r     M;Nk;}D}NrU;}S$     
1473: SAVESTATE:          197
1473:                    (l,l);wl;wi;k;}u{wl;k;}}r     ;Nk;}D}NrU;}S$      
1474: TNS_NS_NORULECHAIN/NS_NORULE
1474: RESTATE             
1474:                    (l,l);wl;wi;k;}u{wl;k;}}r     M;Nk;}D}NrU;}S$     
1475: TNS_NS_NORULECHAIN/NS_NORULE
1475: RESTATE             
1475:                    i(l,l);wl;wi;k;}u{wl;k;}}     E;Nk;}D}NrU;}S$     
1476:E->i(W)M            i(l,l);wl;wi;k;}u{wl;k;}}     E;Nk;}D}NrU;}S$     
1477: SAVESTATE:          196
1477:                    i(l,l);wl;wi;k;}u{wl;k;}}     i(W)M;Nk;}D}NrU;}S$ 
1478:                    (l,l);wl;wi;k;}u{wl;k;}}r     (W)M;Nk;}D}NrU;}S$  
1479:                    l,l);wl;wi;k;}u{wl;k;}}ri     W)M;Nk;}D}NrU;}S$   
1480:W->l                l,l);wl;wi;k;}u{wl;k;}}ri     W)M;Nk;}D}NrU;}S$   
1481: SAVESTATE:          197
1481:                    l,l);wl;wi;k;}u{wl;k;}}ri     l)M;Nk;}D}NrU;}S$   
1482:                    ,l);wl;wi;k;}u{wl;k;}}ri;     )M;Nk;}D}NrU;}S$    
1483: TNS_NS_NORULECHAIN/NS_NORULE
1483: RESTATE             
1483:                    l,l);wl;wi;k;}u{wl;k;}}ri     W)M;Nk;}D}NrU;}S$   
1484:W->l,W              l,l);wl;wi;k;}u{wl;k;}}ri     W)M;Nk;}D}NrU;}S$   
1485: SAVESTATE:          197
1485:                    l,l);wl;wi;k;}u{wl;k;}}ri     l,W)M;Nk;}D}NrU;}S$ 
1486:                    ,l);wl;wi;k;}u{wl;k;}}ri;     ,W)M;Nk;}D}NrU;}S$  
1487:                    l);wl;wi;k;}u{wl;k;}}ri;}     W)M;Nk;}D}NrU;}S$   
1488:W->l                l);wl;wi;k;}u{wl;k;}}ri;}     W)M;Nk;}D}NrU;}S$   
1489: SAVESTATE:          198
1489:                    l);wl;wi;k;}u{wl;k;}}ri;}     l)M;Nk;}D}NrU;}S$   
1490:                    );wl;wi;k;}u{wl;k;}}ri;}m     )M;Nk;}D}NrU;}S$    
1491:                    ;wl;wi;k;}u{wl;k;}}ri;}m{     M;Nk;}D}NrU;}S$     
1492:M->                 ;wl;wi;k;}u{wl;k;}}ri;}m{     M;Nk;}D}NrU;}S$     
1493: SAVESTATE:          199
1493:                    ;wl;wi;k;}u{wl;k;}}ri;}m{     ;Nk;}D}NrU;}S$      
1494:                    wl;wi;k;}u{wl;k;}}ri;}m{t     Nk;}D}NrU;}S$       
1495:N->wE;N             wl;wi;k;}u{wl;k;}}ri;}m{t     Nk;}D}NrU;}S$       
1496: SAVESTATE:          200
1496:                    wl;wi;k;}u{wl;k;}}ri;}m{t     wE;Nk;}D}NrU;}S$    
1497:                    l;wi;k;}u{wl;k;}}ri;}m{tv     E;Nk;}D}NrU;}S$     
1498:E->lM               l;wi;k;}u{wl;k;}}ri;}m{tv     E;Nk;}D}NrU;}S$     
1499: SAVESTATE:          201
1499:                    l;wi;k;}u{wl;k;}}ri;}m{tv     lM;Nk;}D}NrU;}S$    
1500:                    ;wi;k;}u{wl;k;}}ri;}m{tvi     M;Nk;}D}NrU;}S$     
1501:M->                 ;wi;k;}u{wl;k;}}ri;}m{tvi     M;Nk;}D}NrU;}S$     
1502: SAVESTATE:          202
1502:                    ;wi;k;}u{wl;k;}}ri;}m{tvi     ;Nk;}D}NrU;}S$      
1503:                    wi;k;}u{wl;k;}}ri;}m{tvi;     Nk;}D}NrU;}S$       
1504:N->wE;N             wi;k;}u{wl;k;}}ri;}m{tvi;     Nk;}D}NrU;}S$       
1505: SAVESTATE:          203
1505:                    wi;k;}u{wl;k;}}ri;}m{tvi;     wE;Nk;}D}NrU;}S$    
1506:                    i;k;}u{wl;k;}}ri;}m{tvi;i     E;Nk;}D}NrU;}S$     
1507:E->iM               i;k;}u{wl;k;}}ri;}m{tvi;i     E;Nk;}D}NrU;}S$     
1508: SAVESTATE:          204
1508:                    i;k;}u{wl;k;}}ri;}m{tvi;i     iM;Nk;}D}NrU;}S$    
1509:                    ;k;}u{wl;k;}}ri;}m{tvi;i=     M;Nk;}D}NrU;}S$     
1510:M->                 ;k;}u{wl;k;}}ri;}m{tvi;i=     M;Nk;}D}NrU;}S$     
1511: SAVESTATE:          205
1511:                    ;k;}u{wl;k;}}ri;}m{tvi;i=     ;Nk;}D}NrU;}S$      
1512:                    k;}u{wl;k;}}ri;}m{tvi;i=l     Nk;}D}NrU;}S$       
1513:N->                 k;}u{wl;k;}}ri;}m{tvi;i=l     Nk;}D}NrU;}S$       
1514: SAVESTATE:          206
1514:                    k;}u{wl;k;}}ri;}m{tvi;i=l     k;}D}NrU;}S$        
1515:                    ;}u{wl;k;}}ri;}m{tvi;i=l;     ;}D}NrU;}S$         
1516:                    }u{wl;k;}}ri;}m{tvi;i=l;w     }D}NrU;}S$          
1517:                    u{wl;k;}}ri;}m{tvi;i=l;wi     D}NrU;}S$           
1518:D->u{Nk;}           u{wl;k;}}ri;}m{tvi;i=l;wi     D}NrU;}S$           
1519: SAVESTATE:          207
1519:                    u{wl;k;}}ri;}m{tvi;i=l;wi     u{Nk;}}NrU;}S$      
1520:                    {wl;k;}}ri;}m{tvi;i=l;wi;     {Nk;}}NrU;}S$       
1521:                    wl;k;}}ri;}m{tvi;i=l;wi;t     Nk;}}NrU;}S$        
1522:N->wE;N             wl;k;}}ri;}m{tvi;i=l;wi;t     Nk;}}NrU;}S$        
1523: SAVESTATE:          208
1523:                    wl;k;}}ri;}m{tvi;i=l;wi;t     wE;Nk;}}NrU;}S$     
1524:                    l;k;}}ri;}m{tvi;i=l;wi;tv     E;Nk;}}NrU;}S$      
1525:E->lM               l;k;}}ri;}m{tvi;i=l;wi;tv     E;Nk;}}NrU;}S$      
1526: SAVESTATE:          209
1526:                    l;k;}}ri;}m{tvi;i=l;wi;tv     lM;Nk;}}NrU;}S$     
1527:                    ;k;}}ri;}m{tvi;i=l;wi;tvi     M;Nk;}}NrU;}S$      
1528:M->                 ;k;}}ri;}m{tvi;i=l;wi;tvi     M;Nk;}}NrU;}S$      
1529: SAVESTATE:          210
1529:                    ;k;}}ri;}m{tvi;i=l;wi;tvi     ;Nk;}}NrU;}S$       
1530:                    k;}}ri;}m{tvi;i=l;wi;tvi;     Nk;}}NrU;}S$        
1531:N->                 k;}}ri;}m{tvi;i=l;wi;tvi;     Nk;}}NrU;}S$        
1532: SAVESTATE:          211
1532:                    k;}}ri;}m{tvi;i=l;wi;tvi;     k;}}NrU;}S$         
1533:                    ;}}ri;}m{tvi;i=l;wi;tvi;i     ;}}NrU;}S$          
1534:                    }}ri;}m{tvi;i=l;wi;tvi;i=     }}NrU;}S$           
1535:                    }ri;}m{tvi;i=l;wi;tvi;i=l     }NrU;}S$            
1536:                    ri;}m{tvi;i=l;wi;tvi;i=l;     NrU;}S$             
1537:N->                 ri;}m{tvi;i=l;wi;tvi;i=l;     NrU;}S$             
1538: SAVESTATE:          212
1538:                    ri;}m{tvi;i=l;wi;tvi;i=l;     rU;}S$              
1539:                    i;}m{tvi;i=l;wi;tvi;i=l;t     U;}S$               
1540:U->i                i;}m{tvi;i=l;wi;tvi;i=l;t     U;}S$               
1541: SAVESTATE:          213
1541:                    i;}m{tvi;i=l;wi;tvi;i=l;t     i;}S$               
1542:                    ;}m{tvi;i=l;wi;tvi;i=l;tv     ;}S$                
1543:                    }m{tvi;i=l;wi;tvi;i=l;tvi     }S$                 
1544:                    m{tvi;i=l;wi;tvi;i=l;tvi;     S$                  
1545:S->m{N}S            m{tvi;i=l;wi;tvi;i=l;tvi;     S$                  
1546: SAVESTATE:          214
1546:                    m{tvi;i=l;wi;tvi;i=l;tvi;     m{N}S$              
1547:                    {tvi;i=l;wi;tvi;i=l;tvi;i     {N}S$               
1548:                    tvi;i=l;wi;tvi;i=l;tvi;i=     N}S$                
1549:N->tY;N             tvi;i=l;wi;tvi;i=l;tvi;i=     N}S$                
1550: SAVESTATE:          215
1550:                    tvi;i=l;wi;tvi;i=l;tvi;i=     tY;N}S$             
1551:                    vi;i=l;wi;tvi;i=l;tvi;i=l     Y;N}S$              
1552:Y->vi               vi;i=l;wi;tvi;i=l;tvi;i=l     Y;N}S$              
1553: SAVESTATE:          216
1553:                    vi;i=l;wi;tvi;i=l;tvi;i=l     vi;N}S$             
1554:                    i;i=l;wi;tvi;i=l;tvi;i=l;     i;N}S$              
1555:                    ;i=l;wi;tvi;i=l;tvi;i=l;i     ;N}S$               
1556:                    i=l;wi;tvi;i=l;tvi;i=l;i=     N}S$                
1557:N->i=E;N            i=l;wi;tvi;i=l;tvi;i=l;i=     N}S$                
1558: SAVESTATE:          217
1558:                    i=l;wi;tvi;i=l;tvi;i=l;i=     i=E;N}S$            
1559:                    =l;wi;tvi;i=l;tvi;i=l;i=i     =E;N}S$             
1560:                    l;wi;tvi;i=l;tvi;i=l;i=i(     E;N}S$              
1561:E->lM               l;wi;tvi;i=l;tvi;i=l;i=i(     E;N}S$              
1562: SAVESTATE:          218
1562:                    l;wi;tvi;i=l;tvi;i=l;i=i(     lM;N}S$             
1563:                    ;wi;tvi;i=l;tvi;i=l;i=i(i     M;N}S$              
1564:M->                 ;wi;tvi;i=l;tvi;i=l;i=i(i     M;N}S$              
1565: SAVESTATE:          219
1565:                    ;wi;tvi;i=l;tvi;i=l;i=i(i     ;N}S$               
1566:                    wi;tvi;i=l;tvi;i=l;i=i(i,     N}S$                
1567:N->wE;N             wi;tvi;i=l;tvi;i=l;i=i(i,     N}S$                
1568: SAVESTATE:          220
1568:                    wi;tvi;i=l;tvi;i=l;i=i(i,     wE;N}S$             
1569:                    i;tvi;i=l;tvi;i=l;i=i(i,i     E;N}S$              
1570:E->iM               i;tvi;i=l;tvi;i=l;i=i(i,i     E;N}S$              
1571: SAVESTATE:          221
1571:                    i;tvi;i=l;tvi;i=l;i=i(i,i     iM;N}S$             
1572:                    ;tvi;i=l;tvi;i=l;i=i(i,i)     M;N}S$              
1573:M->                 ;tvi;i=l;tvi;i=l;i=i(i,i)     M;N}S$              
1574: SAVESTATE:          222
1574:                    ;tvi;i=l;tvi;i=l;i=i(i,i)     ;N}S$               
1575:                    tvi;i=l;tvi;i=l;i=i(i,i);     N}S$                
1576:N->tY;N             tvi;i=l;tvi;i=l;i=i(i,i);     N}S$                
1577: SAVESTATE:          223
1577:                    tvi;i=l;tvi;i=l;i=i(i,i);     tY;N}S$             
1578:                    vi;i=l;tvi;i=l;i=i(i,i);w     Y;N}S$              
1579:Y->vi               vi;i=l;tvi;i=l;i=i(i,i);w     Y;N}S$              
1580: SAVESTATE:          224
1580:                    vi;i=l;tvi;i=l;i=i(i,i);w     vi;N}S$             
1581:                    i;i=l;tvi;i=l;i=i(i,i);wi     i;N}S$              
1582:                    ;i=l;tvi;i=l;i=i(i,i);wi;     ;N}S$               
1583:                    i=l;tvi;i=l;i=i(i,i);wi;w     N}S$                
1584:N->i=E;N            i=l;tvi;i=l;i=i(i,i);wi;w     N}S$                
1585: SAVESTATE:          225
1585:                    i=l;tvi;i=l;i=i(i,i);wi;w     i=E;N}S$            
1586:                    =l;tvi;i=l;i=i(i,i);wi;wl     =E;N}S$             
1587:                    l;tvi;i=l;i=i(i,i);wi;wl;     E;N}S$              
1588:E->lM               l;tvi;i=l;i=i(i,i);wi;wl;     E;N}S$              
1589: SAVESTATE:          226
1589:                    l;tvi;i=l;i=i(i,i);wi;wl;     lM;N}S$             
1590:                    ;tvi;i=l;i=i(i,i);wi;wl;t     M;N}S$              
1591:M->                 ;tvi;i=l;i=i(i,i);wi;wl;t     M;N}S$              
1592: SAVESTATE:          227
1592:                    ;tvi;i=l;i=i(i,i);wi;wl;t     ;N}S$               
1593:                    tvi;i=l;i=i(i,i);wi;wl;tv     N}S$                
1594:N->tY;N             tvi;i=l;i=i(i,i);wi;wl;tv     N}S$                
1595: SAVESTATE:          228
1595:                    tvi;i=l;i=i(i,i);wi;wl;tv     tY;N}S$             
1596:                    vi;i=l;i=i(i,i);wi;wl;tvi     Y;N}S$              
1597:Y->vi               vi;i=l;i=i(i,i);wi;wl;tvi     Y;N}S$              
1598: SAVESTATE:          229
1598:                    vi;i=l;i=i(i,i);wi;wl;tvi     vi;N}S$             
1599:                    i;i=l;i=i(i,i);wi;wl;tvi;     i;N}S$              
1600:                    ;i=l;i=i(i,i);wi;wl;tvi;i     ;N}S$               
1601:                    i=l;i=i(i,i);wi;wl;tvi;i=     N}S$                
1602:N->i=E;N            i=l;i=i(i,i);wi;wl;tvi;i=     N}S$                
1603: SAVESTATE:          230
1603:                    i=l;i=i(i,i);wi;wl;tvi;i=     i=E;N}S$            
1604:                    =l;i=i(i,i);wi;wl;tvi;i=l     =E;N}S$             
1605:                    l;i=i(i,i);wi;wl;tvi;i=l;     E;N}S$              
1606:E->lM               l;i=i(i,i);wi;wl;tvi;i=l;     E;N}S$              
1607: SAVESTATE:          231
1607:                    l;i=i(i,i);wi;wl;tvi;i=l;     lM;N}S$             
1608:                    ;i=i(i,i);wi;wl;tvi;i=l;t     M;N}S$              
1609:M->                 ;i=i(i,i);wi;wl;tvi;i=l;t     M;N}S$              
1610: SAVESTATE:          232
1610:                    ;i=i(i,i);wi;wl;tvi;i=l;t     ;N}S$               
1611:                    i=i(i,i);wi;wl;tvi;i=l;tv     N}S$                
1612:N->i=E;N            i=i(i,i);wi;wl;tvi;i=l;tv     N}S$                
1613: SAVESTATE:          233
1613:                    i=i(i,i);wi;wl;tvi;i=l;tv     i=E;N}S$            
1614:                    =i(i,i);wi;wl;tvi;i=l;tvi     =E;N}S$             
1615:                    i(i,i);wi;wl;tvi;i=l;tvi;     E;N}S$              
1616:E->iM               i(i,i);wi;wl;tvi;i=l;tvi;     E;N}S$              
1617: SAVESTATE:          234
1617:                    i(i,i);wi;wl;tvi;i=l;tvi;     iM;N}S$             
1618:                    (i,i);wi;wl;tvi;i=l;tvi;i     M;N}S$              
1619:M->                 (i,i);wi;wl;tvi;i=l;tvi;i     M;N}S$              
1620: SAVESTATE:          235
1620:                    (i,i);wi;wl;tvi;i=l;tvi;i     ;N}S$               
1621: TNS_NS_NORULECHAIN/NS_NORULE
1621: RESTATE             
1621:                    (i,i);wi;wl;tvi;i=l;tvi;i     M;N}S$              
1622: TNS_NS_NORULECHAIN/NS_NORULE
1622: RESTATE             
1622:                    i(i,i);wi;wl;tvi;i=l;tvi;     E;N}S$              
1623:E->i(W)M            i(i,i);wi;wl;tvi;i=l;tvi;     E;N}S$              
1624: SAVESTATE:          234
1624:                    i(i,i);wi;wl;tvi;i=l;tvi;     i(W)M;N}S$          
1625:                    (i,i);wi;wl;tvi;i=l;tvi;i     (W)M;N}S$           
1626:                    i,i);wi;wl;tvi;i=l;tvi;i=     W)M;N}S$            
1627:W->i                i,i);wi;wl;tvi;i=l;tvi;i=     W)M;N}S$            
1628: SAVESTATE:          235
1628:                    i,i);wi;wl;tvi;i=l;tvi;i=     i)M;N}S$            
1629:                    ,i);wi;wl;tvi;i=l;tvi;i=l     )M;N}S$             
1630: TNS_NS_NORULECHAIN/NS_NORULE
1630: RESTATE             
1630:                    i,i);wi;wl;tvi;i=l;tvi;i=     W)M;N}S$            
1631:W->i,W              i,i);wi;wl;tvi;i=l;tvi;i=     W)M;N}S$            
1632: SAVESTATE:          235
1632:                    i,i);wi;wl;tvi;i=l;tvi;i=     i,W)M;N}S$          
1633:                    ,i);wi;wl;tvi;i=l;tvi;i=l     ,W)M;N}S$           
1634:                    i);wi;wl;tvi;i=l;tvi;i=l;     W)M;N}S$            
1635:W->i                i);wi;wl;tvi;i=l;tvi;i=l;     W)M;N}S$            
1636: SAVESTATE:          236
1636:                    i);wi;wl;tvi;i=l;tvi;i=l;     i)M;N}S$            
1637:                    );wi;wl;tvi;i=l;tvi;i=l;i     )M;N}S$             
1638:                    ;wi;wl;tvi;i=l;tvi;i=l;i=     M;N}S$              
1639:M->                 ;wi;wl;tvi;i=l;tvi;i=l;i=     M;N}S$              
1640: SAVESTATE:          237
1640:                    ;wi;wl;tvi;i=l;tvi;i=l;i=     ;N}S$               
1641:                    wi;wl;tvi;i=l;tvi;i=l;i=i     N}S$                
1642:N->wE;N             wi;wl;tvi;i=l;tvi;i=l;i=i     N}S$                
1643: SAVESTATE:          238
1643:                    wi;wl;tvi;i=l;tvi;i=l;i=i     wE;N}S$             
1644:                    i;wl;tvi;i=l;tvi;i=l;i=i(     E;N}S$              
1645:E->iM               i;wl;tvi;i=l;tvi;i=l;i=i(     E;N}S$              
1646: SAVESTATE:          239
1646:                    i;wl;tvi;i=l;tvi;i=l;i=i(     iM;N}S$             
1647:                    ;wl;tvi;i=l;tvi;i=l;i=i(i     M;N}S$              
1648:M->                 ;wl;tvi;i=l;tvi;i=l;i=i(i     M;N}S$              
1649: SAVESTATE:          240
1649:                    ;wl;tvi;i=l;tvi;i=l;i=i(i     ;N}S$               
1650:                    wl;tvi;i=l;tvi;i=l;i=i(i,     N}S$                
1651:N->wE;N             wl;tvi;i=l;tvi;i=l;i=i(i,     N}S$                
1652: SAVESTATE:          241
1652:                    wl;tvi;i=l;tvi;i=l;i=i(i,     wE;N}S$             
1653:                    l;tvi;i=l;tvi;i=l;i=i(i,i     E;N}S$              
1654:E->lM               l;tvi;i=l;tvi;i=l;i=i(i,i     E;N}S$              
1655: SAVESTATE:          242
1655:                    l;tvi;i=l;tvi;i=l;i=i(i,i     lM;N}S$             
1656:                    ;tvi;i=l;tvi;i=l;i=i(i,i)     M;N}S$              
1657:M->                 ;tvi;i=l;tvi;i=l;i=i(i,i)     M;N}S$              
1658: SAVESTATE:          243
1658:                    ;tvi;i=l;tvi;i=l;i=i(i,i)     ;N}S$               
1659:                    tvi;i=l;tvi;i=l;i=i(i,i);     N}S$                
1660:N->tY;N             tvi;i=l;tvi;i=l;i=i(i,i);     N}S$                
1661: SAVESTATE:          244
1661:                    tvi;i=l;tvi;i=l;i=i(i,i);     tY;N}S$             
1662:                    vi;i=l;tvi;i=l;i=i(i,i);w     Y;N}S$              
1663:Y->vi               vi;i=l;tvi;i=l;i=i(i,i);w     Y;N}S$              
1664: SAVESTATE:          245
1664:                    vi;i=l;tvi;i=l;i=i(i,i);w     vi;N}S$             
1665:                    i;i=l;tvi;i=l;i=i(i,i);wi     i;N}S$              
1666:                    ;i=l;tvi;i=l;i=i(i,i);wi;     ;N}S$               
1667:                    i=l;tvi;i=l;i=i(i,i);wi;i     N}S$                
1668:N->i=E;N            i=l;tvi;i=l;i=i(i,i);wi;i     N}S$                
1669: SAVESTATE:          246
1669:                    i=l;tvi;i=l;i=i(i,i);wi;i     i=E;N}S$            
1670:                    =l;tvi;i=l;i=i(i,i);wi;i=     =E;N}S$             
1671:                    l;tvi;i=l;i=i(i,i);wi;i=l     E;N}S$              
1672:E->lM               l;tvi;i=l;i=i(i,i);wi;i=l     E;N}S$              
1673: SAVESTATE:          247
1673:                    l;tvi;i=l;i=i(i,i);wi;i=l     lM;N}S$             
1674:                    ;tvi;i=l;i=i(i,i);wi;i=l;     M;N}S$              
1675:M->                 ;tvi;i=l;i=i(i,i);wi;i=l;     M;N}S$              
1676: SAVESTATE:          248
1676:                    ;tvi;i=l;i=i(i,i);wi;i=l;     ;N}S$               
1677:                    tvi;i=l;i=i(i,i);wi;i=l;i     N}S$                
1678:N->tY;N             tvi;i=l;i=i(i,i);wi;i=l;i     N}S$                
1679: SAVESTATE:          249
1679:                    tvi;i=l;i=i(i,i);wi;i=l;i     tY;N}S$             
1680:                    vi;i=l;i=i(i,i);wi;i=l;i=     Y;N}S$              
1681:Y->vi               vi;i=l;i=i(i,i);wi;i=l;i=     Y;N}S$              
1682: SAVESTATE:          250
1682:                    vi;i=l;i=i(i,i);wi;i=l;i=     vi;N}S$             
1683:                    i;i=l;i=i(i,i);wi;i=l;i=i     i;N}S$              
1684:                    ;i=l;i=i(i,i);wi;i=l;i=i(     ;N}S$               
1685:                    i=l;i=i(i,i);wi;i=l;i=i(i     N}S$                
1686:N->i=E;N            i=l;i=i(i,i);wi;i=l;i=i(i     N}S$                
1687: SAVESTATE:          251
1687:                    i=l;i=i(i,i);wi;i=l;i=i(i     i=E;N}S$            
1688:                    =l;i=i(i,i);wi;i=l;i=i(i,     =E;N}S$             
1689:                    l;i=i(i,i);wi;i=l;i=i(i,i     E;N}S$              
1690:E->lM               l;i=i(i,i);wi;i=l;i=i(i,i     E;N}S$              
1691: SAVESTATE:          252
1691:                    l;i=i(i,i);wi;i=l;i=i(i,i     lM;N}S$             
1692:                    ;i=i(i,i);wi;i=l;i=i(i,i)     M;N}S$              
1693:M->                 ;i=i(i,i);wi;i=l;i=i(i,i)     M;N}S$              
1694: SAVESTATE:          253
1694:                    ;i=i(i,i);wi;i=l;i=i(i,i)     ;N}S$               
1695:                    i=i(i,i);wi;i=l;i=i(i,i);     N}S$                
1696:N->i=E;N            i=i(i,i);wi;i=l;i=i(i,i);     N}S$                
1697: SAVESTATE:          254
1697:                    i=i(i,i);wi;i=l;i=i(i,i);     i=E;N}S$            
1698:                    =i(i,i);wi;i=l;i=i(i,i);w     =E;N}S$             
1699:                    i(i,i);wi;i=l;i=i(i,i);wi     E;N}S$              
1700:E->iM               i(i,i);wi;i=l;i=i(i,i);wi     E;N}S$              
1701: SAVESTATE:          255
1701:                    i(i,i);wi;i=l;i=i(i,i);wi     iM;N}S$             
1702:                    (i,i);wi;i=l;i=i(i,i);wi;     M;N}S$              
1703:M->                 (i,i);wi;i=l;i=i(i,i);wi;     M;N}S$              
1704: SAVESTATE:          256
1704:                    (i,i);wi;i=l;i=i(i,i);wi;     ;N}S$               
1705: TNS_NS_NORULECHAIN/NS_NORULE
1705: RESTATE             
1705:                    (i,i);wi;i=l;i=i(i,i);wi;     M;N}S$              
1706: TNS_NS_NORULECHAIN/NS_NORULE
1706: RESTATE             
1706:                    i(i,i);wi;i=l;i=i(i,i);wi     E;N}S$              
1707:E->i(W)M            i(i,i);wi;i=l;i=i(i,i);wi     E;N}S$              
1708: SAVESTATE:          255
1708:                    i(i,i);wi;i=l;i=i(i,i);wi     i(W)M;N}S$          
1709:                    (i,i);wi;i=l;i=i(i,i);wi;     (W)M;N}S$           
1710:                    i,i);wi;i=l;i=i(i,i);wi;i     W)M;N}S$            
1711:W->i                i,i);wi;i=l;i=i(i,i);wi;i     W)M;N}S$            
1712: SAVESTATE:          256
1712:                    i,i);wi;i=l;i=i(i,i);wi;i     i)M;N}S$            
1713:                    ,i);wi;i=l;i=i(i,i);wi;i=     )M;N}S$             
1714: TNS_NS_NORULECHAIN/NS_NORULE
1714: RESTATE             
1714:                    i,i);wi;i=l;i=i(i,i);wi;i     W)M;N}S$            
1715:W->i,W              i,i);wi;i=l;i=i(i,i);wi;i     W)M;N}S$            
1716: SAVESTATE:          256
1716:                    i,i);wi;i=l;i=i(i,i);wi;i     i,W)M;N}S$          
1717:                    ,i);wi;i=l;i=i(i,i);wi;i=     ,W)M;N}S$           
1718:                    i);wi;i=l;i=i(i,i);wi;i=i     W)M;N}S$            
1719:W->i                i);wi;i=l;i=i(i,i);wi;i=i     W)M;N}S$            
1720: SAVESTATE:          257
1720:                    i);wi;i=l;i=i(i,i);wi;i=i     i)M;N}S$            
1721:                    );wi;i=l;i=i(i,i);wi;i=i(     )M;N}S$             
1722:                    ;wi;i=l;i=i(i,i);wi;i=i(l     M;N}S$              
1723:M->                 ;wi;i=l;i=i(i,i);wi;i=i(l     M;N}S$              
1724: SAVESTATE:          258
1724:                    ;wi;i=l;i=i(i,i);wi;i=i(l     ;N}S$               
1725:                    wi;i=l;i=i(i,i);wi;i=i(l)     N}S$                
1726:N->wE;N             wi;i=l;i=i(i,i);wi;i=i(l)     N}S$                
1727: SAVESTATE:          259
1727:                    wi;i=l;i=i(i,i);wi;i=i(l)     wE;N}S$             
1728:                    i;i=l;i=i(i,i);wi;i=i(l);     E;N}S$              
1729:E->iM               i;i=l;i=i(i,i);wi;i=i(l);     E;N}S$              
1730: SAVESTATE:          260
1730:                    i;i=l;i=i(i,i);wi;i=i(l);     iM;N}S$             
1731:                    ;i=l;i=i(i,i);wi;i=i(l);w     M;N}S$              
1732:M->                 ;i=l;i=i(i,i);wi;i=i(l);w     M;N}S$              
1733: SAVESTATE:          261
1733:                    ;i=l;i=i(i,i);wi;i=i(l);w     ;N}S$               
1734:                    i=l;i=i(i,i);wi;i=i(l);wi     N}S$                
1735:N->i=E;N            i=l;i=i(i,i);wi;i=i(l);wi     N}S$                
1736: SAVESTATE:          262
1736:                    i=l;i=i(i,i);wi;i=i(l);wi     i=E;N}S$            
1737:                    =l;i=i(i,i);wi;i=i(l);wi;     =E;N}S$             
1738:                    l;i=i(i,i);wi;i=i(l);wi;i     E;N}S$              
1739:E->lM               l;i=i(i,i);wi;i=i(l);wi;i     E;N}S$              
1740: SAVESTATE:          263
1740:                    l;i=i(i,i);wi;i=i(l);wi;i     lM;N}S$             
1741:                    ;i=i(i,i);wi;i=i(l);wi;i=     M;N}S$              
1742:M->                 ;i=i(i,i);wi;i=i(l);wi;i=     M;N}S$              
1743: SAVESTATE:          264
1743:                    ;i=i(i,i);wi;i=i(l);wi;i=     ;N}S$               
1744:                    i=i(i,i);wi;i=i(l);wi;i=i     N}S$                
1745:N->i=E;N            i=i(i,i);wi;i=i(l);wi;i=i     N}S$                
1746: SAVESTATE:          265
1746:                    i=i(i,i);wi;i=i(l);wi;i=i     i=E;N}S$            
1747:                    =i(i,i);wi;i=i(l);wi;i=i(     =E;N}S$             
1748:                    i(i,i);wi;i=i(l);wi;i=i(l     E;N}S$              
1749:E->iM               i(i,i);wi;i=i(l);wi;i=i(l     E;N}S$              
1750: SAVESTATE:          266
1750:                    i(i,i);wi;i=i(l);wi;i=i(l     iM;N}S$             
1751:                    (i,i);wi;i=i(l);wi;i=i(l)     M;N}S$              
1752:M->                 (i,i);wi;i=i(l);wi;i=i(l)     M;N}S$              
1753: SAVESTATE:          267
1753:                    (i,i);wi;i=i(l);wi;i=i(l)     ;N}S$               
1754: TNS_NS_NORULECHAIN/NS_NORULE
1754: RESTATE             
1754:                    (i,i);wi;i=i(l);wi;i=i(l)     M;N}S$              
1755: TNS_NS_NORULECHAIN/NS_NORULE
1755: RESTATE             
1755:                    i(i,i);wi;i=i(l);wi;i=i(l     E;N}S$              
1756:E->i(W)M            i(i,i);wi;i=i(l);wi;i=i(l     E;N}S$              
1757: SAVESTATE:          266
1757:                    i(i,i);wi;i=i(l);wi;i=i(l     i(W)M;N}S$          
1758:                    (i,i);wi;i=i(l);wi;i=i(l)     (W)M;N}S$           
1759:                    i,i);wi;i=i(l);wi;i=i(l);     W)M;N}S$            
1760:W->i                i,i);wi;i=i(l);wi;i=i(l);     W)M;N}S$            
1761: SAVESTATE:          267
1761:                    i,i);wi;i=i(l);wi;i=i(l);     i)M;N}S$            
1762:                    ,i);wi;i=i(l);wi;i=i(l);w     )M;N}S$             
1763: TNS_NS_NORULECHAIN/NS_NORULE
1763: RESTATE             
1763:                    i,i);wi;i=i(l);wi;i=i(l);     W)M;N}S$            
1764:W->i,W              i,i);wi;i=i(l);wi;i=i(l);     W)M;N}S$            
1765: SAVESTATE:          267
1765:                    i,i);wi;i=i(l);wi;i=i(l);     i,W)M;N}S$          
1766:                    ,i);wi;i=i(l);wi;i=i(l);w     ,W)M;N}S$           
1767:                    i);wi;i=i(l);wi;i=i(l);wi     W)M;N}S$            
1768:W->i                i);wi;i=i(l);wi;i=i(l);wi     W)M;N}S$            
1769: SAVESTATE:          268
1769:                    i);wi;i=i(l);wi;i=i(l);wi     i)M;N}S$            
1770:                    );wi;i=i(l);wi;i=i(l);wi;     )M;N}S$             
1771:                    ;wi;i=i(l);wi;i=i(l);wi;w     M;N}S$              
1772:M->                 ;wi;i=i(l);wi;i=i(l);wi;w     M;N}S$              
1773: SAVESTATE:          269
1773:                    ;wi;i=i(l);wi;i=i(l);wi;w     ;N}S$               
1774:                    wi;i=i(l);wi;i=i(l);wi;wl     N}S$                
1775:N->wE;N             wi;i=i(l);wi;i=i(l);wi;wl     N}S$                
1776: SAVESTATE:          270
1776:                    wi;i=i(l);wi;i=i(l);wi;wl     wE;N}S$             
1777:                    i;i=i(l);wi;i=i(l);wi;wl;     E;N}S$              
1778:E->iM               i;i=i(l);wi;i=i(l);wi;wl;     E;N}S$              
1779: SAVESTATE:          271
1779:                    i;i=i(l);wi;i=i(l);wi;wl;     iM;N}S$             
1780:                    ;i=i(l);wi;i=i(l);wi;wl;w     M;N}S$              
1781:M->                 ;i=i(l);wi;i=i(l);wi;wl;w     M;N}S$              
1782: SAVESTATE:          272
1782:                    ;i=i(l);wi;i=i(l);wi;wl;w     ;N}S$               
1783:                    i=i(l);wi;i=i(l);wi;wl;wi     N}S$                
1784:N->i=E;N            i=i(l);wi;i=i(l);wi;wl;wi     N}S$                
1785: SAVESTATE:          273
1785:                    i=i(l);wi;i=i(l);wi;wl;wi     i=E;N}S$            
1786:                    =i(l);wi;i=i(l);wi;wl;wi;     =E;N}S$             
1787:                    i(l);wi;i=i(l);wi;wl;wi;t     E;N}S$              
1788:E->iM               i(l);wi;i=i(l);wi;wl;wi;t     E;N}S$              
1789: SAVESTATE:          274
1789:                    i(l);wi;i=i(l);wi;wl;wi;t     iM;N}S$             
1790:                    (l);wi;i=i(l);wi;wl;wi;tv     M;N}S$              
1791:M->                 (l);wi;i=i(l);wi;wl;wi;tv     M;N}S$              
1792: SAVESTATE:          275
1792:                    (l);wi;i=i(l);wi;wl;wi;tv     ;N}S$               
1793: TNS_NS_NORULECHAIN/NS_NORULE
1793: RESTATE             
1793:                    (l);wi;i=i(l);wi;wl;wi;tv     M;N}S$              
1794: TNS_NS_NORULECHAIN/NS_NORULE
1794: RESTATE             
1794:                    i(l);wi;i=i(l);wi;wl;wi;t     E;N}S$              
1795:E->i(W)M            i(l);wi;i=i(l);wi;wl;wi;t     E;N}S$              
1796: SAVESTATE:          274
1796:                    i(l);wi;i=i(l);wi;wl;wi;t     i(W)M;N}S$          
1797:                    (l);wi;i=i(l);wi;wl;wi;tv     (W)M;N}S$           
1798:                    l);wi;i=i(l);wi;wl;wi;tvi     W)M;N}S$            
1799:W->l                l);wi;i=i(l);wi;wl;wi;tvi     W)M;N}S$            
1800: SAVESTATE:          275
1800:                    l);wi;i=i(l);wi;wl;wi;tvi     l)M;N}S$            
1801:                    );wi;i=i(l);wi;wl;wi;tvi;     )M;N}S$             
1802:                    ;wi;i=i(l);wi;wl;wi;tvi;i     M;N}S$              
1803:M->                 ;wi;i=i(l);wi;wl;wi;tvi;i     M;N}S$              
1804: SAVESTATE:          276
1804:                    ;wi;i=i(l);wi;wl;wi;tvi;i     ;N}S$               
1805:                    wi;i=i(l);wi;wl;wi;tvi;i=     N}S$                
1806:N->wE;N             wi;i=i(l);wi;wl;wi;tvi;i=     N}S$                
1807: SAVESTATE:          277
1807:                    wi;i=i(l);wi;wl;wi;tvi;i=     wE;N}S$             
1808:                    i;i=i(l);wi;wl;wi;tvi;i=i     E;N}S$              
1809:E->iM               i;i=i(l);wi;wl;wi;tvi;i=i     E;N}S$              
1810: SAVESTATE:          278
1810:                    i;i=i(l);wi;wl;wi;tvi;i=i     iM;N}S$             
1811:                    ;i=i(l);wi;wl;wi;tvi;i=i(     M;N}S$              
1812:M->                 ;i=i(l);wi;wl;wi;tvi;i=i(     M;N}S$              
1813: SAVESTATE:          279
1813:                    ;i=i(l);wi;wl;wi;tvi;i=i(     ;N}S$               
1814:                    i=i(l);wi;wl;wi;tvi;i=i(l     N}S$                
1815:N->i=E;N            i=i(l);wi;wl;wi;tvi;i=i(l     N}S$                
1816: SAVESTATE:          280
1816:                    i=i(l);wi;wl;wi;tvi;i=i(l     i=E;N}S$            
1817:                    =i(l);wi;wl;wi;tvi;i=i(l,     =E;N}S$             
1818:                    i(l);wi;wl;wi;tvi;i=i(l,l     E;N}S$              
1819:E->iM               i(l);wi;wl;wi;tvi;i=i(l,l     E;N}S$              
1820: SAVESTATE:          281
1820:                    i(l);wi;wl;wi;tvi;i=i(l,l     iM;N}S$             
1821:                    (l);wi;wl;wi;tvi;i=i(l,l)     M;N}S$              
1822:M->                 (l);wi;wl;wi;tvi;i=i(l,l)     M;N}S$              
1823: SAVESTATE:          282
1823:                    (l);wi;wl;wi;tvi;i=i(l,l)     ;N}S$               
1824: TNS_NS_NORULECHAIN/NS_NORULE
1824: RESTATE             
1824:                    (l);wi;wl;wi;tvi;i=i(l,l)     M;N}S$              
1825: TNS_NS_NORULECHAIN/NS_NORULE
1825: RESTATE             
1825:                    i(l);wi;wl;wi;tvi;i=i(l,l     E;N}S$              
1826:E->i(W)M            i(l);wi;wl;wi;tvi;i=i(l,l     E;N}S$              
1827: SAVESTATE:          281
1827:                    i(l);wi;wl;wi;tvi;i=i(l,l     i(W)M;N}S$          
1828:                    (l);wi;wl;wi;tvi;i=i(l,l)     (W)M;N}S$           
1829:                    l);wi;wl;wi;tvi;i=i(l,l);     W)M;N}S$            
1830:W->l                l);wi;wl;wi;tvi;i=i(l,l);     W)M;N}S$            
1831: SAVESTATE:          282
1831:                    l);wi;wl;wi;tvi;i=i(l,l);     l)M;N}S$            
1832:                    );wi;wl;wi;tvi;i=i(l,l);w     )M;N}S$             
1833:                    ;wi;wl;wi;tvi;i=i(l,l);wl     M;N}S$              
1834:M->                 ;wi;wl;wi;tvi;i=i(l,l);wl     M;N}S$              
1835: SAVESTATE:          283
1835:                    ;wi;wl;wi;tvi;i=i(l,l);wl     ;N}S$               
1836:                    wi;wl;wi;tvi;i=i(l,l);wl;     N}S$                
1837:N->wE;N             wi;wl;wi;tvi;i=i(l,l);wl;     N}S$                
1838: SAVESTATE:          284
1838:                    wi;wl;wi;tvi;i=i(l,l);wl;     wE;N}S$             
1839:                    i;wl;wi;tvi;i=i(l,l);wl;w     E;N}S$              
1840:E->iM               i;wl;wi;tvi;i=i(l,l);wl;w     E;N}S$              
1841: SAVESTATE:          285
1841:                    i;wl;wi;tvi;i=i(l,l);wl;w     iM;N}S$             
1842:                    ;wl;wi;tvi;i=i(l,l);wl;wi     M;N}S$              
1843:M->                 ;wl;wi;tvi;i=i(l,l);wl;wi     M;N}S$              
1844: SAVESTATE:          286
1844:                    ;wl;wi;tvi;i=i(l,l);wl;wi     ;N}S$               
1845:                    wl;wi;tvi;i=i(l,l);wl;wi;     N}S$                
1846:N->wE;N             wl;wi;tvi;i=i(l,l);wl;wi;     N}S$                
1847: SAVESTATE:          287
1847:                    wl;wi;tvi;i=i(l,l);wl;wi;     wE;N}S$             
1848:                    l;wi;tvi;i=i(l,l);wl;wi;t     E;N}S$              
1849:E->lM               l;wi;tvi;i=i(l,l);wl;wi;t     E;N}S$              
1850: SAVESTATE:          288
1850:                    l;wi;tvi;i=i(l,l);wl;wi;t     lM;N}S$             
1851:                    ;wi;tvi;i=i(l,l);wl;wi;tv     M;N}S$              
1852:M->                 ;wi;tvi;i=i(l,l);wl;wi;tv     M;N}S$              
1853: SAVESTATE:          289
1853:                    ;wi;tvi;i=i(l,l);wl;wi;tv     ;N}S$               
1854:                    wi;tvi;i=i(l,l);wl;wi;tvi     N}S$                
1855:N->wE;N             wi;tvi;i=i(l,l);wl;wi;tvi     N}S$                
1856: SAVESTATE:          290
1856:                    wi;tvi;i=i(l,l);wl;wi;tvi     wE;N}S$             
1857:                    i;tvi;i=i(l,l);wl;wi;tvi=     E;N}S$              
1858:E->iM               i;tvi;i=i(l,l);wl;wi;tvi=     E;N}S$              
1859: SAVESTATE:          291
1859:                    i;tvi;i=i(l,l);wl;wi;tvi=     iM;N}S$             
1860:                    ;tvi;i=i(l,l);wl;wi;tvi=i     M;N}S$              
1861:M->                 ;tvi;i=i(l,l);wl;wi;tvi=i     M;N}S$              
1862: SAVESTATE:          292
1862:                    ;tvi;i=i(l,l);wl;wi;tvi=i     ;N}S$               
1863:                    tvi;i=i(l,l);wl;wi;tvi=i(     N}S$                
1864:N->tY;N             tvi;i=i(l,l);wl;wi;tvi=i(     N}S$                
1865: SAVESTATE:          293
1865:                    tvi;i=i(l,l);wl;wi;tvi=i(     tY;N}S$             
1866:                    vi;i=i(l,l);wl;wi;tvi=i(l     Y;N}S$              
1867:Y->vi               vi;i=i(l,l);wl;wi;tvi=i(l     Y;N}S$              
1868: SAVESTATE:          294
1868:                    vi;i=i(l,l);wl;wi;tvi=i(l     vi;N}S$             
1869:                    i;i=i(l,l);wl;wi;tvi=i(l)     i;N}S$              
1870:                    ;i=i(l,l);wl;wi;tvi=i(l);     ;N}S$               
1871:                    i=i(l,l);wl;wi;tvi=i(l);w     N}S$                
1872:N->i=E;N            i=i(l,l);wl;wi;tvi=i(l);w     N}S$                
1873: SAVESTATE:          295
1873:                    i=i(l,l);wl;wi;tvi=i(l);w     i=E;N}S$            
1874:                    =i(l,l);wl;wi;tvi=i(l);wl     =E;N}S$             
1875:                    i(l,l);wl;wi;tvi=i(l);wl;     E;N}S$              
1876:E->iM               i(l,l);wl;wi;tvi=i(l);wl;     E;N}S$              
1877: SAVESTATE:          296
1877:                    i(l,l);wl;wi;tvi=i(l);wl;     iM;N}S$             
1878:                    (l,l);wl;wi;tvi=i(l);wl;w     M;N}S$              
1879:M->                 (l,l);wl;wi;tvi=i(l);wl;w     M;N}S$              
1880: SAVESTATE:          297
1880:                    (l,l);wl;wi;tvi=i(l);wl;w     ;N}S$               
1881: TNS_NS_NORULECHAIN/NS_NORULE
1881: RESTATE             
1881:                    (l,l);wl;wi;tvi=i(l);wl;w     M;N}S$              
1882: TNS_NS_NORULECHAIN/NS_NORULE
1882: RESTATE             
1882:                    i(l,l);wl;wi;tvi=i(l);wl;     E;N}S$              
1883:E->i(W)M            i(l,l);wl;wi;tvi=i(l);wl;     E;N}S$              
1884: SAVESTATE:          296
1884:                    i(l,l);wl;wi;tvi=i(l);wl;     i(W)M;N}S$          
1885:                    (l,l);wl;wi;tvi=i(l);wl;w     (W)M;N}S$           
1886:                    l,l);wl;wi;tvi=i(l);wl;wi     W)M;N}S$            
1887:W->l                l,l);wl;wi;tvi=i(l);wl;wi     W)M;N}S$            
1888: SAVESTATE:          297
1888:                    l,l);wl;wi;tvi=i(l);wl;wi     l)M;N}S$            
1889:                    ,l);wl;wi;tvi=i(l);wl;wi;     )M;N}S$             
1890: TNS_NS_NORULECHAIN/NS_NORULE
1890: RESTATE             
1890:                    l,l);wl;wi;tvi=i(l);wl;wi     W)M;N}S$            
1891:W->l,W              l,l);wl;wi;tvi=i(l);wl;wi     W)M;N}S$            
1892: SAVESTATE:          297
1892:                    l,l);wl;wi;tvi=i(l);wl;wi     l,W)M;N}S$          
1893:                    ,l);wl;wi;tvi=i(l);wl;wi;     ,W)M;N}S$           
1894:                    l);wl;wi;tvi=i(l);wl;wi;t     W)M;N}S$            
1895:W->l                l);wl;wi;tvi=i(l);wl;wi;t     W)M;N}S$            
1896: SAVESTATE:          298
1896:                    l);wl;wi;tvi=i(l);wl;wi;t     l)M;N}S$            
1897:                    );wl;wi;tvi=i(l);wl;wi;tv     )M;N}S$             
1898:                    ;wl;wi;tvi=i(l);wl;wi;tvi     M;N}S$              
1899:M->                 ;wl;wi;tvi=i(l);wl;wi;tvi     M;N}S$              
1900: SAVESTATE:          299
1900:                    ;wl;wi;tvi=i(l);wl;wi;tvi     ;N}S$               
1901:                    wl;wi;tvi=i(l);wl;wi;tvi=     N}S$                
1902:N->wE;N             wl;wi;tvi=i(l);wl;wi;tvi=     N}S$                
1903: SAVESTATE:          300
1903:                    wl;wi;tvi=i(l);wl;wi;tvi=     wE;N}S$             
1904:                    l;wi;tvi=i(l);wl;wi;tvi=i     E;N}S$              
1905:E->lM               l;wi;tvi=i(l);wl;wi;tvi=i     E;N}S$              
1906: SAVESTATE:          301
1906:                    l;wi;tvi=i(l);wl;wi;tvi=i     lM;N}S$             
1907:                    ;wi;tvi=i(l);wl;wi;tvi=i(     M;N}S$              
1908:M->                 ;wi;tvi=i(l);wl;wi;tvi=i(     M;N}S$              
1909: SAVESTATE:          302
1909:                    ;wi;tvi=i(l);wl;wi;tvi=i(     ;N}S$               
1910:                    wi;tvi=i(l);wl;wi;tvi=i(l     N}S$                
1911:N->wE;N             wi;tvi=i(l);wl;wi;tvi=i(l     N}S$                
1912: SAVESTATE:          303
1912:                    wi;tvi=i(l);wl;wi;tvi=i(l     wE;N}S$             
1913:                    i;tvi=i(l);wl;wi;tvi=i(l)     E;N}S$              
1914:E->iM               i;tvi=i(l);wl;wi;tvi=i(l)     E;N}S$              
1915: SAVESTATE:          304
1915:                    i;tvi=i(l);wl;wi;tvi=i(l)     iM;N}S$             
1916:                    ;tvi=i(l);wl;wi;tvi=i(l);     M;N}S$              
1917:M->                 ;tvi=i(l);wl;wi;tvi=i(l);     M;N}S$              
1918: SAVESTATE:          305
1918:                    ;tvi=i(l);wl;wi;tvi=i(l);     ;N}S$               
1919:                    tvi=i(l);wl;wi;tvi=i(l);w     N}S$                
1920:N->tY;N             tvi=i(l);wl;wi;tvi=i(l);w     N}S$                
1921: SAVESTATE:          306
1921:                    tvi=i(l);wl;wi;tvi=i(l);w     tY;N}S$             
1922:                    vi=i(l);wl;wi;tvi=i(l);wl     Y;N}S$              
1923:Y->vi               vi=i(l);wl;wi;tvi=i(l);wl     Y;N}S$              
1924: SAVESTATE:          307
1924:                    vi=i(l);wl;wi;tvi=i(l);wl     vi;N}S$             
1925:                    i=i(l);wl;wi;tvi=i(l);wl;     i;N}S$              
1926:                    =i(l);wl;wi;tvi=i(l);wl;w     ;N}S$               
1927: TNS_NS_NORULECHAIN/NS_NORULE
1927: RESTATE             
1927:                    vi=i(l);wl;wi;tvi=i(l);wl     Y;N}S$              
1928:Y->vi=L             vi=i(l);wl;wi;tvi=i(l);wl     Y;N}S$              
1929: SAVESTATE:          307
1929:                    vi=i(l);wl;wi;tvi=i(l);wl     vi=L;N}S$           
1930:                    i=i(l);wl;wi;tvi=i(l);wl;     i=L;N}S$            
1931:                    =i(l);wl;wi;tvi=i(l);wl;w     =L;N}S$             
1932:                    i(l);wl;wi;tvi=i(l);wl;wi     L;N}S$              
1933:L->i                i(l);wl;wi;tvi=i(l);wl;wi     L;N}S$              
1934: SAVESTATE:          308
1934:                    i(l);wl;wi;tvi=i(l);wl;wi     i;N}S$              
1935:                    (l);wl;wi;tvi=i(l);wl;wi;     ;N}S$               
1936: TNS_NS_NORULECHAIN/NS_NORULE
1936: RESTATE             
1936:                    i(l);wl;wi;tvi=i(l);wl;wi     L;N}S$              
1937:L->i(U)             i(l);wl;wi;tvi=i(l);wl;wi     L;N}S$              
1938: SAVESTATE:          308
1938:                    i(l);wl;wi;tvi=i(l);wl;wi     i(U);N}S$           
1939:                    (l);wl;wi;tvi=i(l);wl;wi;     (U);N}S$            
1940:                    l);wl;wi;tvi=i(l);wl;wi;w     U);N}S$             
1941:U->l                l);wl;wi;tvi=i(l);wl;wi;w     U);N}S$             
1942: SAVESTATE:          309
1942:                    l);wl;wi;tvi=i(l);wl;wi;w     l);N}S$             
1943:                    );wl;wi;tvi=i(l);wl;wi;wi     );N}S$              
1944:                    ;wl;wi;tvi=i(l);wl;wi;wi;     ;N}S$               
1945:                    wl;wi;tvi=i(l);wl;wi;wi;w     N}S$                
1946:N->wE;N             wl;wi;tvi=i(l);wl;wi;wi;w     N}S$                
1947: SAVESTATE:          310
1947:                    wl;wi;tvi=i(l);wl;wi;wi;w     wE;N}S$             
1948:                    l;wi;tvi=i(l);wl;wi;wi;wl     E;N}S$              
1949:E->lM               l;wi;tvi=i(l);wl;wi;wi;wl     E;N}S$              
1950: SAVESTATE:          311
1950:                    l;wi;tvi=i(l);wl;wi;wi;wl     lM;N}S$             
1951:                    ;wi;tvi=i(l);wl;wi;wi;wl;     M;N}S$              
1952:M->                 ;wi;tvi=i(l);wl;wi;wi;wl;     M;N}S$              
1953: SAVESTATE:          312
1953:                    ;wi;tvi=i(l);wl;wi;wi;wl;     ;N}S$               
1954:                    wi;tvi=i(l);wl;wi;wi;wl;w     N}S$                
1955:N->wE;N             wi;tvi=i(l);wl;wi;wi;wl;w     N}S$                
1956: SAVESTATE:          313
1956:                    wi;tvi=i(l);wl;wi;wi;wl;w     wE;N}S$             
1957:                    i;tvi=i(l);wl;wi;wi;wl;wi     E;N}S$              
1958:E->iM               i;tvi=i(l);wl;wi;wi;wl;wi     E;N}S$              
1959: SAVESTATE:          314
1959:                    i;tvi=i(l);wl;wi;wi;wl;wi     iM;N}S$             
1960:                    ;tvi=i(l);wl;wi;wi;wl;wi;     M;N}S$              
1961:M->                 ;tvi=i(l);wl;wi;wi;wl;wi;     M;N}S$              
1962: SAVESTATE:          315
1962:                    ;tvi=i(l);wl;wi;wi;wl;wi;     ;N}S$               
1963:                    tvi=i(l);wl;wi;wi;wl;wi;t     N}S$                
1964:N->tY;N             tvi=i(l);wl;wi;wi;wl;wi;t     N}S$                
1965: SAVESTATE:          316
1965:                    tvi=i(l);wl;wi;wi;wl;wi;t     tY;N}S$             
1966:                    vi=i(l);wl;wi;wi;wl;wi;tv     Y;N}S$              
1967:Y->vi               vi=i(l);wl;wi;wi;wl;wi;tv     Y;N}S$              
1968: SAVESTATE:          317
1968:                    vi=i(l);wl;wi;wi;wl;wi;tv     vi;N}S$             
1969:                    i=i(l);wl;wi;wi;wl;wi;tvi     i;N}S$              
1970:                    =i(l);wl;wi;wi;wl;wi;tvi;     ;N}S$               
1971: TNS_NS_NORULECHAIN/NS_NORULE
1971: RESTATE             
1971:                    vi=i(l);wl;wi;wi;wl;wi;tv     Y;N}S$              
1972:Y->vi=L             vi=i(l);wl;wi;wi;wl;wi;tv     Y;N}S$              
1973: SAVESTATE:          317
1973:                    vi=i(l);wl;wi;wi;wl;wi;tv     vi=L;N}S$           
1974:                    i=i(l);wl;wi;wi;wl;wi;tvi     i=L;N}S$            
1975:                    =i(l);wl;wi;wi;wl;wi;tvi;     =L;N}S$             
1976:                    i(l);wl;wi;wi;wl;wi;tvi;i     L;N}S$              
1977:L->i                i(l);wl;wi;wi;wl;wi;tvi;i     L;N}S$              
1978: SAVESTATE:          318
1978:                    i(l);wl;wi;wi;wl;wi;tvi;i     i;N}S$              
1979:                    (l);wl;wi;wi;wl;wi;tvi;i=     ;N}S$               
1980: TNS_NS_NORULECHAIN/NS_NORULE
1980: RESTATE             
1980:                    i(l);wl;wi;wi;wl;wi;tvi;i     L;N}S$              
1981:L->i(U)             i(l);wl;wi;wi;wl;wi;tvi;i     L;N}S$              
1982: SAVESTATE:          318
1982:                    i(l);wl;wi;wi;wl;wi;tvi;i     i(U);N}S$           
1983:                    (l);wl;wi;wi;wl;wi;tvi;i=     (U);N}S$            
1984:                    l);wl;wi;wi;wl;wi;tvi;i=l     U);N}S$             
1985:U->l                l);wl;wi;wi;wl;wi;tvi;i=l     U);N}S$             
1986: SAVESTATE:          319
1986:                    l);wl;wi;wi;wl;wi;tvi;i=l     l);N}S$             
1987:                    );wl;wi;wi;wl;wi;tvi;i=l;     );N}S$              
1988:                    ;wl;wi;wi;wl;wi;tvi;i=l;t     ;N}S$               
1989:                    wl;wi;wi;wl;wi;tvi;i=l;tv     N}S$                
1990:N->wE;N             wl;wi;wi;wl;wi;tvi;i=l;tv     N}S$                
1991: SAVESTATE:          320
1991:                    wl;wi;wi;wl;wi;tvi;i=l;tv     wE;N}S$             
1992:                    l;wi;wi;wl;wi;tvi;i=l;tvi     E;N}S$              
1993:E->lM               l;wi;wi;wl;wi;tvi;i=l;tvi     E;N}S$              
1994: SAVESTATE:          321
1994:                    l;wi;wi;wl;wi;tvi;i=l;tvi     lM;N}S$             
1995:                    ;wi;wi;wl;wi;tvi;i=l;tvi;     M;N}S$              
1996:M->                 ;wi;wi;wl;wi;tvi;i=l;tvi;     M;N}S$              
1997: SAVESTATE:          322
1997:                    ;wi;wi;wl;wi;tvi;i=l;tvi;     ;N}S$               
1998:                    wi;wi;wl;wi;tvi;i=l;tvi;i     N}S$                
1999:N->wE;N             wi;wi;wl;wi;tvi;i=l;tvi;i     N}S$                
2000: SAVESTATE:          323
2000:                    wi;wi;wl;wi;tvi;i=l;tvi;i     wE;N}S$             
2001:                    i;wi;wl;wi;tvi;i=l;tvi;i=     E;N}S$              
2002:E->iM               i;wi;wl;wi;tvi;i=l;tvi;i=     E;N}S$              
2003: SAVESTATE:          324
2003:                    i;wi;wl;wi;tvi;i=l;tvi;i=     iM;N}S$             
2004:                    ;wi;wl;wi;tvi;i=l;tvi;i=i     M;N}S$              
2005:M->                 ;wi;wl;wi;tvi;i=l;tvi;i=i     M;N}S$              
2006: SAVESTATE:          325
2006:                    ;wi;wl;wi;tvi;i=l;tvi;i=i     ;N}S$               
2007:                    wi;wl;wi;tvi;i=l;tvi;i=i(     N}S$                
2008:N->wE;N             wi;wl;wi;tvi;i=l;tvi;i=i(     N}S$                
2009: SAVESTATE:          326
2009:                    wi;wl;wi;tvi;i=l;tvi;i=i(     wE;N}S$             
2010:                    i;wl;wi;tvi;i=l;tvi;i=i(i     E;N}S$              
2011:E->iM               i;wl;wi;tvi;i=l;tvi;i=i(i     E;N}S$              
2012: SAVESTATE:          327
2012:                    i;wl;wi;tvi;i=l;tvi;i=i(i     iM;N}S$             
2013:                    ;wl;wi;tvi;i=l;tvi;i=i(i)     M;N}S$              
2014:M->                 ;wl;wi;tvi;i=l;tvi;i=i(i)     M;N}S$              
2015: SAVESTATE:          328
2015:                    ;wl;wi;tvi;i=l;tvi;i=i(i)     ;N}S$               
2016:                    wl;wi;tvi;i=l;tvi;i=i(i);     N}S$                
2017:N->wE;N             wl;wi;tvi;i=l;tvi;i=i(i);     N}S$                
2018: SAVESTATE:          329
2018:                    wl;wi;tvi;i=l;tvi;i=i(i);     wE;N}S$             
2019:                    l;wi;tvi;i=l;tvi;i=i(i);w     E;N}S$              
2020:E->lM               l;wi;tvi;i=l;tvi;i=i(i);w     E;N}S$              
2021: SAVESTATE:          330
2021:                    l;wi;tvi;i=l;tvi;i=i(i);w     lM;N}S$             
2022:                    ;wi;tvi;i=l;tvi;i=i(i);wl     M;N}S$              
2023:M->                 ;wi;tvi;i=l;tvi;i=i(i);wl     M;N}S$              
2024: SAVESTATE:          331
2024:                    ;wi;tvi;i=l;tvi;i=i(i);wl     ;N}S$               
2025:                    wi;tvi;i=l;tvi;i=i(i);wl;     N}S$                
2026:N->wE;N             wi;tvi;i=l;tvi;i=i(i);wl;     N}S$                
2027: SAVESTATE:          332
2027:                    wi;tvi;i=l;tvi;i=i(i);wl;     wE;N}S$             
2028:                    i;tvi;i=l;tvi;i=i(i);wl;w     E;N}S$              
2029:E->iM               i;tvi;i=l;tvi;i=i(i);wl;w     E;N}S$              
2030: SAVESTATE:          333
2030:                    i;tvi;i=l;tvi;i=i(i);wl;w     iM;N}S$             
2031:                    ;tvi;i=l;tvi;i=i(i);wl;wi     M;N}S$              
2032:M->                 ;tvi;i=l;tvi;i=i(i);wl;wi     M;N}S$              
2033: SAVESTATE:          334
2033:                    ;tvi;i=l;tvi;i=i(i);wl;wi     ;N}S$               
2034:                    tvi;i=l;tvi;i=i(i);wl;wi;     N}S$                
2035:N->tY;N             tvi;i=l;tvi;i=i(i);wl;wi;     N}S$                
2036: SAVESTATE:          335
2036:                    tvi;i=l;tvi;i=i(i);wl;wi;     tY;N}S$             
2037:                    vi;i=l;tvi;i=i(i);wl;wi;w     Y;N}S$              
2038:Y->vi               vi;i=l;tvi;i=i(i);wl;wi;w     Y;N}S$              
2039: SAVESTATE:          336
2039:                    vi;i=l;tvi;i=i(i);wl;wi;w     vi;N}S$             
2040:                    i;i=l;tvi;i=i(i);wl;wi;wl     i;N}S$              
2041:                    ;i=l;tvi;i=i(i);wl;wi;wl;     ;N}S$               
2042:                    i=l;tvi;i=i(i);wl;wi;wl;w     N}S$                
2043:N->i=E;N            i=l;tvi;i=i(i);wl;wi;wl;w     N}S$                
2044: SAVESTATE:          337
2044:                    i=l;tvi;i=i(i);wl;wi;wl;w     i=E;N}S$            
2045:                    =l;tvi;i=i(i);wl;wi;wl;wi     =E;N}S$             
2046:                    l;tvi;i=i(i);wl;wi;wl;wi;     E;N}S$              
2047:E->lM               l;tvi;i=i(i);wl;wi;wl;wi;     E;N}S$              
2048: SAVESTATE:          338
2048:                    l;tvi;i=i(i);wl;wi;wl;wi;     lM;N}S$             
2049:                    ;tvi;i=i(i);wl;wi;wl;wi;t     M;N}S$              
2050:M->                 ;tvi;i=i(i);wl;wi;wl;wi;t     M;N}S$              
2051: SAVESTATE:          339
2051:                    ;tvi;i=i(i);wl;wi;wl;wi;t     ;N}S$               
2052:                    tvi;i=i(i);wl;wi;wl;wi;tv     N}S$                
2053:N->tY;N             tvi;i=i(i);wl;wi;wl;wi;tv     N}S$                
2054: SAVESTATE:          340
2054:                    tvi;i=i(i);wl;wi;wl;wi;tv     tY;N}S$             
2055:                    vi;i=i(i);wl;wi;wl;wi;tvi     Y;N}S$              
2056:Y->vi               vi;i=i(i);wl;wi;wl;wi;tvi     Y;N}S$              
2057: SAVESTATE:          341
2057:                    vi;i=i(i);wl;wi;wl;wi;tvi     vi;N}S$             
2058:                    i;i=i(i);wl;wi;wl;wi;tvi;     i;N}S$              
2059:                    ;i=i(i);wl;wi;wl;wi;tvi;i     ;N}S$               
2060:                    i=i(i);wl;wi;wl;wi;tvi;i=     N}S$                
2061:N->i=E;N            i=i(i);wl;wi;wl;wi;tvi;i=     N}S$                
2062: SAVESTATE:          342
2062:                    i=i(i);wl;wi;wl;wi;tvi;i=     i=E;N}S$            
2063:                    =i(i);wl;wi;wl;wi;tvi;i=i     =E;N}S$             
2064:                    i(i);wl;wi;wl;wi;tvi;i=i(     E;N}S$              
2065:E->iM               i(i);wl;wi;wl;wi;tvi;i=i(     E;N}S$              
2066: SAVESTATE:          343
2066:                    i(i);wl;wi;wl;wi;tvi;i=i(     iM;N}S$             
2067:                    (i);wl;wi;wl;wi;tvi;i=i(i     M;N}S$              
2068:M->                 (i);wl;wi;wl;wi;tvi;i=i(i     M;N}S$              
2069: SAVESTATE:          344
2069:                    (i);wl;wi;wl;wi;tvi;i=i(i     ;N}S$               
2070: TNS_NS_NORULECHAIN/NS_NORULE
2070: RESTATE             
2070:                    (i);wl;wi;wl;wi;tvi;i=i(i     M;N}S$              
2071: TNS_NS_NORULECHAIN/NS_NORULE
2071: RESTATE             
2071:                    i(i);wl;wi;wl;wi;tvi;i=i(     E;N}S$              
2072:E->i(W)M            i(i);wl;wi;wl;wi;tvi;i=i(     E;N}S$              
2073: SAVESTATE:          343
2073:                    i(i);wl;wi;wl;wi;tvi;i=i(     i(W)M;N}S$          
2074:                    (i);wl;wi;wl;wi;tvi;i=i(i     (W)M;N}S$           
2075:                    i);wl;wi;wl;wi;tvi;i=i(i,     W)M;N}S$            
2076:W->i                i);wl;wi;wl;wi;tvi;i=i(i,     W)M;N}S$            
2077: SAVESTATE:          344
2077:                    i);wl;wi;wl;wi;tvi;i=i(i,     i)M;N}S$            
2078:                    );wl;wi;wl;wi;tvi;i=i(i,i     )M;N}S$             
2079:                    ;wl;wi;wl;wi;tvi;i=i(i,i,     M;N}S$              
2080:M->                 ;wl;wi;wl;wi;tvi;i=i(i,i,     M;N}S$              
2081: SAVESTATE:          345
2081:                    ;wl;wi;wl;wi;tvi;i=i(i,i,     ;N}S$               
2082:                    wl;wi;wl;wi;tvi;i=i(i,i,l     N}S$                
2083:N->wE;N             wl;wi;wl;wi;tvi;i=i(i,i,l     N}S$                
2084: SAVESTATE:          346
2084:                    wl;wi;wl;wi;tvi;i=i(i,i,l     wE;N}S$             
2085:                    l;wi;wl;wi;tvi;i=i(i,i,l)     E;N}S$              
2086:E->lM               l;wi;wl;wi;tvi;i=i(i,i,l)     E;N}S$              
2087: SAVESTATE:          347
2087:                    l;wi;wl;wi;tvi;i=i(i,i,l)     lM;N}S$             
2088:                    ;wi;wl;wi;tvi;i=i(i,i,l);     M;N}S$              
2089:M->                 ;wi;wl;wi;tvi;i=i(i,i,l);     M;N}S$              
2090: SAVESTATE:          348
2090:                    ;wi;wl;wi;tvi;i=i(i,i,l);     ;N}S$               
2091:                    wi;wl;wi;tvi;i=i(i,i,l);w     N}S$                
2092:N->wE;N             wi;wl;wi;tvi;i=i(i,i,l);w     N}S$                
2093: SAVESTATE:          349
2093:                    wi;wl;wi;tvi;i=i(i,i,l);w     wE;N}S$             
2094:                    i;wl;wi;tvi;i=i(i,i,l);wl     E;N}S$              
2095:E->iM               i;wl;wi;tvi;i=i(i,i,l);wl     E;N}S$              
2096: SAVESTATE:          350
2096:                    i;wl;wi;tvi;i=i(i,i,l);wl     iM;N}S$             
2097:                    ;wl;wi;tvi;i=i(i,i,l);wl;     M;N}S$              
2098:M->                 ;wl;wi;tvi;i=i(i,i,l);wl;     M;N}S$              
2099: SAVESTATE:          351
2099:                    ;wl;wi;tvi;i=i(i,i,l);wl;     ;N}S$               
2100:                    wl;wi;tvi;i=i(i,i,l);wl;w     N}S$                
2101:N->wE;N             wl;wi;tvi;i=i(i,i,l);wl;w     N}S$                
2102: SAVESTATE:          352
2102:                    wl;wi;tvi;i=i(i,i,l);wl;w     wE;N}S$             
2103:                    l;wi;tvi;i=i(i,i,l);wl;wi     E;N}S$              
2104:E->lM               l;wi;tvi;i=i(i,i,l);wl;wi     E;N}S$              
2105: SAVESTATE:          353
2105:                    l;wi;tvi;i=i(i,i,l);wl;wi     lM;N}S$             
2106:                    ;wi;tvi;i=i(i,i,l);wl;wi;     M;N}S$              
2107:M->                 ;wi;tvi;i=i(i,i,l);wl;wi;     M;N}S$              
2108: SAVESTATE:          354
2108:                    ;wi;tvi;i=i(i,i,l);wl;wi;     ;N}S$               
2109:                    wi;tvi;i=i(i,i,l);wl;wi;w     N}S$                
2110:N->wE;N             wi;tvi;i=i(i,i,l);wl;wi;w     N}S$                
2111: SAVESTATE:          355
2111:                    wi;tvi;i=i(i,i,l);wl;wi;w     wE;N}S$             
2112:                    i;tvi;i=i(i,i,l);wl;wi;wi     E;N}S$              
2113:E->iM               i;tvi;i=i(i,i,l);wl;wi;wi     E;N}S$              
2114: SAVESTATE:          356
2114:                    i;tvi;i=i(i,i,l);wl;wi;wi     iM;N}S$             
2115:                    ;tvi;i=i(i,i,l);wl;wi;wi;     M;N}S$              
2116:M->                 ;tvi;i=i(i,i,l);wl;wi;wi;     M;N}S$              
2117: SAVESTATE:          357
2117:                    ;tvi;i=i(i,i,l);wl;wi;wi;     ;N}S$               
2118:                    tvi;i=i(i,i,l);wl;wi;wi;w     N}S$                
2119:N->tY;N             tvi;i=i(i,i,l);wl;wi;wi;w     N}S$                
2120: SAVESTATE:          358
2120:                    tvi;i=i(i,i,l);wl;wi;wi;w     tY;N}S$             
2121:                    vi;i=i(i,i,l);wl;wi;wi;wl     Y;N}S$              
2122:Y->vi               vi;i=i(i,i,l);wl;wi;wi;wl     Y;N}S$              
2123: SAVESTATE:          359
2123:                    vi;i=i(i,i,l);wl;wi;wi;wl     vi;N}S$             
2124:                    i;i=i(i,i,l);wl;wi;wi;wl;     i;N}S$              
2125:                    ;i=i(i,i,l);wl;wi;wi;wl;t     ;N}S$               
2126:                    i=i(i,i,l);wl;wi;wi;wl;tv     N}S$                
2127:N->i=E;N            i=i(i,i,l);wl;wi;wi;wl;tv     N}S$                
2128: SAVESTATE:          360
2128:                    i=i(i,i,l);wl;wi;wi;wl;tv     i=E;N}S$            
2129:                    =i(i,i,l);wl;wi;wi;wl;tvi     =E;N}S$             
2130:                    i(i,i,l);wl;wi;wi;wl;tvi=     E;N}S$              
2131:E->iM               i(i,i,l);wl;wi;wi;wl;tvi=     E;N}S$              
2132: SAVESTATE:          361
2132:                    i(i,i,l);wl;wi;wi;wl;tvi=     iM;N}S$             
2133:                    (i,i,l);wl;wi;wi;wl;tvi=l     M;N}S$              
2134:M->                 (i,i,l);wl;wi;wi;wl;tvi=l     M;N}S$              
2135: SAVESTATE:          362
2135:                    (i,i,l);wl;wi;wi;wl;tvi=l     ;N}S$               
2136: TNS_NS_NORULECHAIN/NS_NORULE
2136: RESTATE             
2136:                    (i,i,l);wl;wi;wi;wl;tvi=l     M;N}S$              
2137: TNS_NS_NORULECHAIN/NS_NORULE
2137: RESTATE             
2137:                    i(i,i,l);wl;wi;wi;wl;tvi=     E;N}S$              
2138:E->i(W)M            i(i,i,l);wl;wi;wi;wl;tvi=     E;N}S$              
2139: SAVESTATE:          361
2139:                    i(i,i,l);wl;wi;wi;wl;tvi=     i(W)M;N}S$          
2140:                    (i,i,l);wl;wi;wi;wl;tvi=l     (W)M;N}S$           
2141:                    i,i,l);wl;wi;wi;wl;tvi=l;     W)M;N}S$            
2142:W->i                i,i,l);wl;wi;wi;wl;tvi=l;     W)M;N}S$            
2143: SAVESTATE:          362
2143:                    i,i,l);wl;wi;wi;wl;tvi=l;     i)M;N}S$            
2144:                    ,i,l);wl;wi;wi;wl;tvi=l;~     )M;N}S$             
2145: TNS_NS_NORULECHAIN/NS_NORULE
2145: RESTATE             
2145:                    i,i,l);wl;wi;wi;wl;tvi=l;     W)M;N}S$            
2146:W->i,W              i,i,l);wl;wi;wi;wl;tvi=l;     W)M;N}S$            
2147: SAVESTATE:          362
2147:                    i,i,l);wl;wi;wi;wl;tvi=l;     i,W)M;N}S$          
2148:                    ,i,l);wl;wi;wi;wl;tvi=l;~     ,W)M;N}S$           
2149:                    i,l);wl;wi;wi;wl;tvi=l;~(     W)M;N}S$            
2150:W->i                i,l);wl;wi;wi;wl;tvi=l;~(     W)M;N}S$            
2151: SAVESTATE:          363
2151:                    i,l);wl;wi;wi;wl;tvi=l;~(     i)M;N}S$            
2152:                    ,l);wl;wi;wi;wl;tvi=l;~(i     )M;N}S$             
2153: TNS_NS_NORULECHAIN/NS_NORULE
2153: RESTATE             
2153:                    i,l);wl;wi;wi;wl;tvi=l;~(     W)M;N}S$            
2154:W->i,W              i,l);wl;wi;wi;wl;tvi=l;~(     W)M;N}S$            
2155: SAVESTATE:          363
2155:                    i,l);wl;wi;wi;wl;tvi=l;~(     i,W)M;N}S$          
2156:                    ,l);wl;wi;wi;wl;tvi=l;~(i     ,W)M;N}S$           
2157:                    l);wl;wi;wi;wl;tvi=l;~(i<     W)M;N}S$            
2158:W->l                l);wl;wi;wi;wl;tvi=l;~(i<     W)M;N}S$            
2159: SAVESTATE:          364
2159:                    l);wl;wi;wi;wl;tvi=l;~(i<     l)M;N}S$            
2160:                    );wl;wi;wi;wl;tvi=l;~(i<l     )M;N}S$             
2161:                    ;wl;wi;wi;wl;tvi=l;~(i<l)     M;N}S$              
2162:M->                 ;wl;wi;wi;wl;tvi=l;~(i<l)     M;N}S$              
2163: SAVESTATE:          365
2163:                    ;wl;wi;wi;wl;tvi=l;~(i<l)     ;N}S$               
2164:                    wl;wi;wi;wl;tvi=l;~(i<l){     N}S$                
2165:N->wE;N             wl;wi;wi;wl;tvi=l;~(i<l){     N}S$                
2166: SAVESTATE:          366
2166:                    wl;wi;wi;wl;tvi=l;~(i<l){     wE;N}S$             
2167:                    l;wi;wi;wl;tvi=l;~(i<l){w     E;N}S$              
2168:E->lM               l;wi;wi;wl;tvi=l;~(i<l){w     E;N}S$              
2169: SAVESTATE:          367
2169:                    l;wi;wi;wl;tvi=l;~(i<l){w     lM;N}S$             
2170:                    ;wi;wi;wl;tvi=l;~(i<l){wi     M;N}S$              
2171:M->                 ;wi;wi;wl;tvi=l;~(i<l){wi     M;N}S$              
2172: SAVESTATE:          368
2172:                    ;wi;wi;wl;tvi=l;~(i<l){wi     ;N}S$               
2173:                    wi;wi;wl;tvi=l;~(i<l){wi;     N}S$                
2174:N->wE;N             wi;wi;wl;tvi=l;~(i<l){wi;     N}S$                
2175: SAVESTATE:          369
2175:                    wi;wi;wl;tvi=l;~(i<l){wi;     wE;N}S$             
2176:                    i;wi;wl;tvi=l;~(i<l){wi;i     E;N}S$              
2177:E->iM               i;wi;wl;tvi=l;~(i<l){wi;i     E;N}S$              
2178: SAVESTATE:          370
2178:                    i;wi;wl;tvi=l;~(i<l){wi;i     iM;N}S$             
2179:                    ;wi;wl;tvi=l;~(i<l){wi;i=     M;N}S$              
2180:M->                 ;wi;wl;tvi=l;~(i<l){wi;i=     M;N}S$              
2181: SAVESTATE:          371
2181:                    ;wi;wl;tvi=l;~(i<l){wi;i=     ;N}S$               
2182:                    wi;wl;tvi=l;~(i<l){wi;i=i     N}S$                
2183:N->wE;N             wi;wl;tvi=l;~(i<l){wi;i=i     N}S$                
2184: SAVESTATE:          372
2184:                    wi;wl;tvi=l;~(i<l){wi;i=i     wE;N}S$             
2185:                    i;wl;tvi=l;~(i<l){wi;i=i#     E;N}S$              
2186:E->iM               i;wl;tvi=l;~(i<l){wi;i=i#     E;N}S$              
2187: SAVESTATE:          373
2187:                    i;wl;tvi=l;~(i<l){wi;i=i#     iM;N}S$             
2188:                    ;wl;tvi=l;~(i<l){wi;i=i#l     M;N}S$              
2189:M->                 ;wl;tvi=l;~(i<l){wi;i=i#l     M;N}S$              
2190: SAVESTATE:          374
2190:                    ;wl;tvi=l;~(i<l){wi;i=i#l     ;N}S$               
2191:                    wl;tvi=l;~(i<l){wi;i=i#l;     N}S$                
2192:N->wE;N             wl;tvi=l;~(i<l){wi;i=i#l;     N}S$                
2193: SAVESTATE:          375
2193:                    wl;tvi=l;~(i<l){wi;i=i#l;     wE;N}S$             
2194:                    l;tvi=l;~(i<l){wi;i=i#l;}     E;N}S$              
2195:E->lM               l;tvi=l;~(i<l){wi;i=i#l;}     E;N}S$              
2196: SAVESTATE:          376
2196:                    l;tvi=l;~(i<l){wi;i=i#l;}     lM;N}S$             
2197:                    ;tvi=l;~(i<l){wi;i=i#l;}w     M;N}S$              
2198:M->                 ;tvi=l;~(i<l){wi;i=i#l;}w     M;N}S$              
2199: SAVESTATE:          377
2199:                    ;tvi=l;~(i<l){wi;i=i#l;}w     ;N}S$               
2200:                    tvi=l;~(i<l){wi;i=i#l;}wi     N}S$                
2201:N->tY;N             tvi=l;~(i<l){wi;i=i#l;}wi     N}S$                
2202: SAVESTATE:          378
2202:                    tvi=l;~(i<l){wi;i=i#l;}wi     tY;N}S$             
2203:                    vi=l;~(i<l){wi;i=i#l;}wi;     Y;N}S$              
2204:Y->vi               vi=l;~(i<l){wi;i=i#l;}wi;     Y;N}S$              
2205: SAVESTATE:          379
2205:                    vi=l;~(i<l){wi;i=i#l;}wi;     vi;N}S$             
2206:                    i=l;~(i<l){wi;i=i#l;}wi;w     i;N}S$              
2207:                    =l;~(i<l){wi;i=i#l;}wi;wl     ;N}S$               
2208: TNS_NS_NORULECHAIN/NS_NORULE
2208: RESTATE             
2208:                    vi=l;~(i<l){wi;i=i#l;}wi;     Y;N}S$              
2209:Y->vi=L             vi=l;~(i<l){wi;i=i#l;}wi;     Y;N}S$              
2210: SAVESTATE:          379
2210:                    vi=l;~(i<l){wi;i=i#l;}wi;     vi=L;N}S$           
2211:                    i=l;~(i<l){wi;i=i#l;}wi;w     i=L;N}S$            
2212:                    =l;~(i<l){wi;i=i#l;}wi;wl     =L;N}S$             
2213:                    l;~(i<l){wi;i=i#l;}wi;wl;     L;N}S$              
2214:L->l                l;~(i<l){wi;i=i#l;}wi;wl;     L;N}S$              
2215: SAVESTATE:          380
2215:                    l;~(i<l){wi;i=i#l;}wi;wl;     l;N}S$              
2216:                    ;~(i<l){wi;i=i#l;}wi;wl;t     ;N}S$               
2217:                    ~(i<l){wi;i=i#l;}wi;wl;tv     N}S$                
2218:N->~KZN             ~(i<l){wi;i=i#l;}wi;wl;tv     N}S$                
2219: SAVESTATE:          381
2219:                    ~(i<l){wi;i=i#l;}wi;wl;tv     ~KZN}S$             
2220:                    (i<l){wi;i=i#l;}wi;wl;tvi     KZN}S$              
2221:K->(U<U)            (i<l){wi;i=i#l;}wi;wl;tvi     KZN}S$              
2222: SAVESTATE:          382
2222:                    (i<l){wi;i=i#l;}wi;wl;tvi     (U<U)ZN}S$          
2223:                    i<l){wi;i=i#l;}wi;wl;tvi=     U<U)ZN}S$           
2224:U->i                i<l){wi;i=i#l;}wi;wl;tvi=     U<U)ZN}S$           
2225: SAVESTATE:          383
2225:                    i<l){wi;i=i#l;}wi;wl;tvi=     i<U)ZN}S$           
2226:                    <l){wi;i=i#l;}wi;wl;tvi=l     <U)ZN}S$            
2227:                    l){wi;i=i#l;}wi;wl;tvi=l;     U)ZN}S$             
2228:U->l                l){wi;i=i#l;}wi;wl;tvi=l;     U)ZN}S$             
2229: SAVESTATE:          384
2229:                    l){wi;i=i#l;}wi;wl;tvi=l;     l)ZN}S$             
2230:                    ){wi;i=i#l;}wi;wl;tvi=l;w     )ZN}S$              
2231:                    {wi;i=i#l;}wi;wl;tvi=l;wl     ZN}S$               
2232:Z->{N}              {wi;i=i#l;}wi;wl;tvi=l;wl     ZN}S$               
2233: SAVESTATE:          385
2233:                    {wi;i=i#l;}wi;wl;tvi=l;wl     {N}N}S$             
2234:                    wi;i=i#l;}wi;wl;tvi=l;wl;     N}N}S$              
2235:N->wE;N             wi;i=i#l;}wi;wl;tvi=l;wl;     N}N}S$              
2236: SAVESTATE:          386
2236:                    wi;i=i#l;}wi;wl;tvi=l;wl;     wE;N}N}S$           
2237:                    i;i=i#l;}wi;wl;tvi=l;wl;?     E;N}N}S$            
2238:E->iM               i;i=i#l;}wi;wl;tvi=l;wl;?     E;N}N}S$            
2239: SAVESTATE:          387
2239:                    i;i=i#l;}wi;wl;tvi=l;wl;?     iM;N}N}S$           
2240:                    ;i=i#l;}wi;wl;tvi=l;wl;?(     M;N}N}S$            
2241:M->                 ;i=i#l;}wi;wl;tvi=l;wl;?(     M;N}N}S$            
2242: SAVESTATE:          388
2242:                    ;i=i#l;}wi;wl;tvi=l;wl;?(     ;N}N}S$             
2243:                    i=i#l;}wi;wl;tvi=l;wl;?(i     N}N}S$              
2244:N->i=E;N            i=i#l;}wi;wl;tvi=l;wl;?(i     N}N}S$              
2245: SAVESTATE:          389
2245:                    i=i#l;}wi;wl;tvi=l;wl;?(i     i=E;N}N}S$          
2246:                    =i#l;}wi;wl;tvi=l;wl;?(i)     =E;N}N}S$           
2247:                    i#l;}wi;wl;tvi=l;wl;?(i):     E;N}N}S$            
2248:E->iM               i#l;}wi;wl;tvi=l;wl;?(i):     E;N}N}S$            
2249: SAVESTATE:          390
2249:                    i#l;}wi;wl;tvi=l;wl;?(i):     iM;N}N}S$           
2250:                    #l;}wi;wl;tvi=l;wl;?(i):{     M;N}N}S$            
2251:M->#E               #l;}wi;wl;tvi=l;wl;?(i):{     M;N}N}S$            
2252: SAVESTATE:          391
2252:                    #l;}wi;wl;tvi=l;wl;?(i):{     #E;N}N}S$           
2253:                    l;}wi;wl;tvi=l;wl;?(i):{w     E;N}N}S$            
2254:E->lM               l;}wi;wl;tvi=l;wl;?(i):{w     E;N}N}S$            
2255: SAVESTATE:          392
2255:                    l;}wi;wl;tvi=l;wl;?(i):{w     lM;N}N}S$           
2256:                    ;}wi;wl;tvi=l;wl;?(i):{wl     M;N}N}S$            
2257:M->                 ;}wi;wl;tvi=l;wl;?(i):{wl     M;N}N}S$            
2258: SAVESTATE:          393
2258:                    ;}wi;wl;tvi=l;wl;?(i):{wl     ;N}N}S$             
2259:                    }wi;wl;tvi=l;wl;?(i):{wl;     N}N}S$              
2260:N->                 }wi;wl;tvi=l;wl;?(i):{wl;     N}N}S$              
2261: SAVESTATE:          394
2261:                    }wi;wl;tvi=l;wl;?(i):{wl;     }N}S$               
2262:                    wi;wl;tvi=l;wl;?(i):{wl;}     N}S$                
2263:N->wE;N             wi;wl;tvi=l;wl;?(i):{wl;}     N}S$                
2264: SAVESTATE:          395
2264:                    wi;wl;tvi=l;wl;?(i):{wl;}     wE;N}S$             
2265:                    i;wl;tvi=l;wl;?(i):{wl;}!     E;N}S$              
2266:E->iM               i;wl;tvi=l;wl;?(i):{wl;}!     E;N}S$              
2267: SAVESTATE:          396
2267:                    i;wl;tvi=l;wl;?(i):{wl;}!     iM;N}S$             
2268:                    ;wl;tvi=l;wl;?(i):{wl;}!{     M;N}S$              
2269:M->                 ;wl;tvi=l;wl;?(i):{wl;}!{     M;N}S$              
2270: SAVESTATE:          397
2270:                    ;wl;tvi=l;wl;?(i):{wl;}!{     ;N}S$               
2271:                    wl;tvi=l;wl;?(i):{wl;}!{w     N}S$                
2272:N->wE;N             wl;tvi=l;wl;?(i):{wl;}!{w     N}S$                
2273: SAVESTATE:          398
2273:                    wl;tvi=l;wl;?(i):{wl;}!{w     wE;N}S$             
2274:                    l;tvi=l;wl;?(i):{wl;}!{wl     E;N}S$              
2275:E->lM               l;tvi=l;wl;?(i):{wl;}!{wl     E;N}S$              
2276: SAVESTATE:          399
2276:                    l;tvi=l;wl;?(i):{wl;}!{wl     lM;N}S$             
2277:                    ;tvi=l;wl;?(i):{wl;}!{wl;     M;N}S$              
2278:M->                 ;tvi=l;wl;?(i):{wl;}!{wl;     M;N}S$              
2279: SAVESTATE:          400
2279:                    ;tvi=l;wl;?(i):{wl;}!{wl;     ;N}S$               
2280:                    tvi=l;wl;?(i):{wl;}!{wl;}     N}S$                
2281:N->tY;N             tvi=l;wl;?(i):{wl;}!{wl;}     N}S$                
2282: SAVESTATE:          401
2282:                    tvi=l;wl;?(i):{wl;}!{wl;}     tY;N}S$             
2283:                    vi=l;wl;?(i):{wl;}!{wl;}}     Y;N}S$              
2284:Y->vi               vi=l;wl;?(i):{wl;}!{wl;}}     Y;N}S$              
2285: SAVESTATE:          402
2285:                    vi=l;wl;?(i):{wl;}!{wl;}}     vi;N}S$             
2286:                    i=l;wl;?(i):{wl;}!{wl;}}$     i;N}S$              
2287:                    =l;wl;?(i):{wl;}!{wl;}}$      ;N}S$               
2288: TNS_NS_NORULECHAIN/NS_NORULE
2288: RESTATE             
2288:                    vi=l;wl;?(i):{wl;}!{wl;}}     Y;N}S$              
2289:Y->vi=L             vi=l;wl;?(i):{wl;}!{wl;}}     Y;N}S$              
2290: SAVESTATE:          402
2290:                    vi=l;wl;?(i):{wl;}!{wl;}}     vi=L;N}S$           
2291:                    i=l;wl;?(i):{wl;}!{wl;}}$     i=L;N}S$            
2292:                    =l;wl;?(i):{wl;}!{wl;}}$      =L;N}S$             
2293:                    l;wl;?(i):{wl;}!{wl;}}$       L;N}S$              
2294:L->l                l;wl;?(i):{wl;}!{wl;}}$       L;N}S$              
2295: SAVESTATE:          403
2295:                    l;wl;?(i):{wl;}!{wl;}}$       l;N}S$              
2296:                    ;wl;?(i):{wl;}!{wl;}}$        ;N}S$               
2297:                    wl;?(i):{wl;}!{wl;}}$         N}S$                
2298:N->wE;N             wl;?(i):{wl;}!{wl;}}$         N}S$                
2299: SAVESTATE:          404
2299:                    wl;?(i):{wl;}!{wl;}}$         wE;N}S$             
2300:                    l;?(i):{wl;}!{wl;}}$          E;N}S$              
2301:E->lM               l;?(i):{wl;}!{wl;}}$          E;N}S$              
2302: SAVESTATE:          405
2302:                    l;?(i):{wl;}!{wl;}}$          lM;N}S$             
2303:                    ;?(i):{wl;}!{wl;}}$           M;N}S$              
2304:M->                 ;?(i):{wl;}!{wl;}}$           M;N}S$              
2305: SAVESTATE:          406
2305:                    ;?(i):{wl;}!{wl;}}$           ;N}S$               
2306:                    ?(i):{wl;}!{wl;}}$            N}S$                
2307:N->?KJN             ?(i):{wl;}!{wl;}}$            N}S$                
2308: SAVESTATE:          407
2308:                    ?(i):{wl;}!{wl;}}$            ?KJN}S$             
2309:                    (i):{wl;}!{wl;}}$             KJN}S$              
2310:K->(U<U)            (i):{wl;}!{wl;}}$             KJN}S$              
2311: SAVESTATE:          408
2311:                    (i):{wl;}!{wl;}}$             (U<U)JN}S$          
2312:                    i):{wl;}!{wl;}}$              U<U)JN}S$           
2313:U->i                i):{wl;}!{wl;}}$              U<U)JN}S$           
2314: SAVESTATE:          409
2314:                    i):{wl;}!{wl;}}$              i<U)JN}S$           
2315:                    ):{wl;}!{wl;}}$               <U)JN}S$            
2316: TNS_NS_NORULECHAIN/NS_NORULE
2316: RESTATE             
2316:                    i):{wl;}!{wl;}}$              U<U)JN}S$           
2317:U->iU               i):{wl;}!{wl;}}$              U<U)JN}S$           
2318: SAVESTATE:          409
2318:                    i):{wl;}!{wl;}}$              iU<U)JN}S$          
2319:                    ):{wl;}!{wl;}}$               U<U)JN}S$           
2320: TNS_NS_NORULECHAIN/NS_NORULE
2320: RESTATE             
2320:                    i):{wl;}!{wl;}}$              U<U)JN}S$           
2321:U->i,U              i):{wl;}!{wl;}}$              U<U)JN}S$           
2322: SAVESTATE:          409
2322:                    i):{wl;}!{wl;}}$              i,U<U)JN}S$         
2323:                    ):{wl;}!{wl;}}$               ,U<U)JN}S$          
2324: TNS_NS_NORULECHAIN/NS_NORULE
2324: RESTATE             
2324:                    i):{wl;}!{wl;}}$              U<U)JN}S$           
2325: TNS_NS_NORULECHAIN/NS_NORULE
2325: RESTATE             
2325:                    (i):{wl;}!{wl;}}$             KJN}S$              
2326:K->(U>U)            (i):{wl;}!{wl;}}$             KJN}S$              
2327: SAVESTATE:          408
2327:                    (i):{wl;}!{wl;}}$             (U>U)JN}S$          
2328:                    i):{wl;}!{wl;}}$              U>U)JN}S$           
2329:U->i                i):{wl;}!{wl;}}$              U>U)JN}S$           
2330: SAVESTATE:          409
2330:                    i):{wl;}!{wl;}}$              i>U)JN}S$           
2331:                    ):{wl;}!{wl;}}$               >U)JN}S$            
2332: TNS_NS_NORULECHAIN/NS_NORULE
2332: RESTATE             
2332:                    i):{wl;}!{wl;}}$              U>U)JN}S$           
2333:U->iU               i):{wl;}!{wl;}}$              U>U)JN}S$           
2334: SAVESTATE:          409
2334:                    i):{wl;}!{wl;}}$              iU>U)JN}S$          
2335:                    ):{wl;}!{wl;}}$               U>U)JN}S$           
2336: TNS_NS_NORULECHAIN/NS_NORULE
2336: RESTATE             
2336:                    i):{wl;}!{wl;}}$              U>U)JN}S$           
2337:U->i,U              i):{wl;}!{wl;}}$              U>U)JN}S$           
2338: SAVESTATE:          409
2338:                    i):{wl;}!{wl;}}$              i,U>U)JN}S$         
2339:                    ):{wl;}!{wl;}}$               ,U>U)JN}S$          
2340: TNS_NS_NORULECHAIN/NS_NORULE
2340: RESTATE             
2340:                    i):{wl;}!{wl;}}$              U>U)JN}S$           
2341: TNS_NS_NORULECHAIN/NS_NORULE
2341: RESTATE             
2341:                    (i):{wl;}!{wl;}}$             KJN}S$              
2342:K->(U&U)            (i):{wl;}!{wl;}}$             KJN}S$              
2343: SAVESTATE:          408
2343:                    (i):{wl;}!{wl;}}$             (U&U)JN}S$          
2344:                    i):{wl;}!{wl;}}$              U&U)JN}S$           
2345:U->i                i):{wl;}!{wl;}}$              U&U)JN}S$           
2346: SAVESTATE:          409
2346:                    i):{wl;}!{wl;}}$              i&U)JN}S$           
2347:                    ):{wl;}!{wl;}}$               &U)JN}S$            
2348: TNS_NS_NORULECHAIN/NS_NORULE
2348: RESTATE             
2348:                    i):{wl;}!{wl;}}$              U&U)JN}S$           
2349:U->iU               i):{wl;}!{wl;}}$              U&U)JN}S$           
2350: SAVESTATE:          409
2350:                    i):{wl;}!{wl;}}$              iU&U)JN}S$          
2351:                    ):{wl;}!{wl;}}$               U&U)JN}S$           
2352: TNS_NS_NORULECHAIN/NS_NORULE
2352: RESTATE             
2352:                    i):{wl;}!{wl;}}$              U&U)JN}S$           
2353:U->i,U              i):{wl;}!{wl;}}$              U&U)JN}S$           
2354: SAVESTATE:          409
2354:                    i):{wl;}!{wl;}}$              i,U&U)JN}S$         
2355:                    ):{wl;}!{wl;}}$               ,U&U)JN}S$          
2356: TNS_NS_NORULECHAIN/NS_NORULE
2356: RESTATE             
2356:                    i):{wl;}!{wl;}}$              U&U)JN}S$           
2357: TNS_NS_NORULECHAIN/NS_NORULE
2357: RESTATE             
2357:                    (i):{wl;}!{wl;}}$             KJN}S$              
2358:K->(U^U)            (i):{wl;}!{wl;}}$             KJN}S$              
2359: SAVESTATE:          408
2359:                    (i):{wl;}!{wl;}}$             (U^U)JN}S$          
2360:                    i):{wl;}!{wl;}}$              U^U)JN}S$           
2361:U->i                i):{wl;}!{wl;}}$              U^U)JN}S$           
2362: SAVESTATE:          409
2362:                    i):{wl;}!{wl;}}$              i^U)JN}S$           
2363:                    ):{wl;}!{wl;}}$               ^U)JN}S$            
2364: TNS_NS_NORULECHAIN/NS_NORULE
2364: RESTATE             
2364:                    i):{wl;}!{wl;}}$              U^U)JN}S$           
2365:U->iU               i):{wl;}!{wl;}}$              U^U)JN}S$           
2366: SAVESTATE:          409
2366:                    i):{wl;}!{wl;}}$              iU^U)JN}S$          
2367:                    ):{wl;}!{wl;}}$               U^U)JN}S$           
2368: TNS_NS_NORULECHAIN/NS_NORULE
2368: RESTATE             
2368:                    i):{wl;}!{wl;}}$              U^U)JN}S$           
2369:U->i,U              i):{wl;}!{wl;}}$              U^U)JN}S$           
2370: SAVESTATE:          409
2370:                    i):{wl;}!{wl;}}$              i,U^U)JN}S$         
2371:                    ):{wl;}!{wl;}}$               ,U^U)JN}S$          
2372: TNS_NS_NORULECHAIN/NS_NORULE
2372: RESTATE             
2372:                    i):{wl;}!{wl;}}$              U^U)JN}S$           
2373: TNS_NS_NORULECHAIN/NS_NORULE
2373: RESTATE             
2373:                    (i):{wl;}!{wl;}}$             KJN}S$              
2374:K->(U)              (i):{wl;}!{wl;}}$             KJN}S$              
2375: SAVESTATE:          408
2375:                    (i):{wl;}!{wl;}}$             (U)JN}S$            
2376:                    i):{wl;}!{wl;}}$              U)JN}S$             
2377:U->i                i):{wl;}!{wl;}}$              U)JN}S$             
2378: SAVESTATE:          409
2378:                    i):{wl;}!{wl;}}$              i)JN}S$             
2379:                    ):{wl;}!{wl;}}$               )JN}S$              
2380:                    :{wl;}!{wl;}}$                JN}S$               
2381:J->:{N}             :{wl;}!{wl;}}$                JN}S$               
2382: SAVESTATE:          410
2382:                    :{wl;}!{wl;}}$                :{N}N}S$            
2383:                    {wl;}!{wl;}}$                 {N}N}S$             
2384:                    wl;}!{wl;}}$                  N}N}S$              
2385:N->wE;N             wl;}!{wl;}}$                  N}N}S$              
2386: SAVESTATE:          411
2386:                    wl;}!{wl;}}$                  wE;N}N}S$           
2387:                    l;}!{wl;}}$                   E;N}N}S$            
2388:E->lM               l;}!{wl;}}$                   E;N}N}S$            
2389: SAVESTATE:          412
2389:                    l;}!{wl;}}$                   lM;N}N}S$           
2390:                    ;}!{wl;}}$                    M;N}N}S$            
2391:M->                 ;}!{wl;}}$                    M;N}N}S$            
2392: SAVESTATE:          413
2392:                    ;}!{wl;}}$                    ;N}N}S$             
2393:                    }!{wl;}}$                     N}N}S$              
2394:N->                 }!{wl;}}$                     N}N}S$              
2395: SAVESTATE:          414
2395:                    }!{wl;}}$                     }N}S$               
2396:                    !{wl;}}$                      N}S$                
2397:N->                 !{wl;}}$                      N}S$                
2398: SAVESTATE:          415
2398:                    !{wl;}}$                      }S$                 
2399: TNS_NS_NORULECHAIN/NS_NORULE
2399: RESTATE             
2399:                    !{wl;}}$                      N}S$                
2400: TNS_NS_NORULECHAIN/NS_NORULE
2400: RESTATE             
2400:                    }!{wl;}}$                     N}N}S$              
2401: TNS_NS_NORULECHAIN/NS_NORULE
2401: RESTATE             
2401:                    ;}!{wl;}}$                    M;N}N}S$            
2402: TNS_NS_NORULECHAIN/NS_NORULE
2402: RESTATE             
2402:                    l;}!{wl;}}$                   E;N}N}S$            
2403: TNS_NS_NORULECHAIN/NS_NORULE
2403: RESTATE             
2403:                    wl;}!{wl;}}$                  N}N}S$              
2404:N->                 wl;}!{wl;}}$                  N}N}S$              
2405: SAVESTATE:          411
2405:                    wl;}!{wl;}}$                  }N}S$               
2406: TNS_NS_NORULECHAIN/NS_NORULE
2406: RESTATE             
2406:                    wl;}!{wl;}}$                  N}N}S$              
2407: TNS_NS_NORULECHAIN/NS_NORULE
2407: RESTATE             
2407:                    :{wl;}!{wl;}}$                JN}S$               
2408:J->:{N}!{N}         :{wl;}!{wl;}}$                JN}S$               
2409: SAVESTATE:          410
2409:                    :{wl;}!{wl;}}$                :{N}!{N}N}S$        
2410:                    {wl;}!{wl;}}$                 {N}!{N}N}S$         
2411:                    wl;}!{wl;}}$                  N}!{N}N}S$          
2412:N->wE;N             wl;}!{wl;}}$                  N}!{N}N}S$          
2413: SAVESTATE:          411
2413:                    wl;}!{wl;}}$                  wE;N}!{N}N}S$       
2414:                    l;}!{wl;}}$                   E;N}!{N}N}S$        
2415:E->lM               l;}!{wl;}}$                   E;N}!{N}N}S$        
2416: SAVESTATE:          412
2416:                    l;}!{wl;}}$                   lM;N}!{N}N}S$       
2417:                    ;}!{wl;}}$                    M;N}!{N}N}S$        
2418:M->                 ;}!{wl;}}$                    M;N}!{N}N}S$        
2419: SAVESTATE:          413
2419:                    ;}!{wl;}}$                    ;N}!{N}N}S$         
2420:                    }!{wl;}}$                     N}!{N}N}S$          
2421:N->                 }!{wl;}}$                     N}!{N}N}S$          
2422: SAVESTATE:          414
2422:                    }!{wl;}}$                     }!{N}N}S$           
2423:                    !{wl;}}$                      !{N}N}S$            
2424:                    {wl;}}$                       {N}N}S$             
2425:                    wl;}}$                        N}N}S$              
2426:N->wE;N             wl;}}$                        N}N}S$              
2427: SAVESTATE:          415
2427:                    wl;}}$                        wE;N}N}S$           
2428:                    l;}}$                         E;N}N}S$            
2429:E->lM               l;}}$                         E;N}N}S$            
2430: SAVESTATE:          416
2430:                    l;}}$                         lM;N}N}S$           
2431:                    ;}}$                          M;N}N}S$            
2432:M->                 ;}}$                          M;N}N}S$            
2433: SAVESTATE:          417
2433:                    ;}}$                          ;N}N}S$             
2434:                    }}$                           N}N}S$              
2435:N->                 }}$                           N}N}S$              
2436: SAVESTATE:          418
2436:                    }}$                           }N}S$               
2437:                    }$                            N}S$                
2438:N->                 }$                            N}S$                
2439: SAVESTATE:          419
2439:                    }$                            }S$                 
2440:                    $                             S$                  
2441:S->                 $                             S$                  
2442: SAVESTATE:          420
2442:                    $                             $                   
2443:                                                                      
2444: LENTA_END           
2445: ------>LENTA_END    
------------------------------------------------------------------------------------------   ------
0   всего строк 597, синтаксический анализ выполнен без ошибок
0   : S->tfi(F){NrU;}S    
4   : F->tP,F             
5   : P->pi               
8   : F->tP               
9   : P->pi               
13  : N->wE;N             
14  : E->lM               
15  : M->                 
16  : N->wE;N             
17  : E->iM               
18  : M->                 
19  : N->wE;N             
20  : E->iM               
21  : M->                 
22  : N->tY;N             
23  : Y->vi               
26  : N->?KJN             
27  : K->(U&U)            
28  : U->i                
30  : U->i                
32  : J->:{N}!{N}         
34  : N->wE;N             
35  : E->lM               
36  : M->                 
37  : N->                 
40  : N->?KJN             
41  : K->(U>U)            
42  : U->i                
44  : U->i                
46  : J->:{N}!{N}         
48  : N->wE;N             
49  : E->lM               
50  : M->                 
51  : N->                 
54  : N->?KJN             
55  : K->(U<U)            
56  : U->i                
58  : U->i                
60  : J->:{N}!{N}         
62  : N->wE;N             
63  : E->lM               
64  : M->                 
65  : N->                 
68  : N->?KJN             
69  : K->(U^U)            
70  : U->i                
72  : U->i                
74  : J->:{N}             
76  : N->wE;N             
77  : E->lM               
78  : M->                 
79  : N->                 
80  : N->                 
81  : N->                 
82  : N->                 
83  : N->                 
84  : U->l                
87  : S->tfi(F){NrU;}S    
91  : F->tP,F             
92  : P->pi               
95  : F->tP               
96  : P->pi               
100 : N->wE;N             
101 : E->lM               
102 : M->                 
103 : N->wE;N             
104 : E->lM               
105 : M->                 
106 : N->wE;N             
107 : E->iM               
108 : M->                 
109 : N->wE;N             
110 : E->iM               
111 : M->                 
112 : N->tY;N             
113 : Y->vi               
116 : N->i=E;N            
118 : E->iM               
119 : M->#E               
120 : E->iM               
121 : M->                 
122 : N->wE;N             
123 : E->lM               
124 : M->                 
125 : N->wE;N             
126 : E->iM               
127 : M->                 
128 : N->tY;N             
129 : Y->vi               
132 : N->i=E;N            
134 : E->iM               
135 : M->#E               
136 : E->iM               
137 : M->                 
138 : N->wE;N             
139 : E->lM               
140 : M->                 
141 : N->wE;N             
142 : E->iM               
143 : M->                 
144 : N->tY;N             
145 : Y->vi               
148 : N->i=E;N            
150 : E->iM               
151 : M->#E               
152 : E->iM               
153 : M->                 
154 : N->wE;N             
155 : E->lM               
156 : M->                 
157 : N->wE;N             
158 : E->iM               
159 : M->                 
160 : N->tY;N             
161 : Y->vi               
164 : N->i=E;N            
166 : E->iM               
167 : M->#E               
168 : E->iM               
169 : M->                 
170 : N->wE;N             
171 : E->lM               
172 : M->                 
173 : N->wE;N             
174 : E->iM               
175 : M->                 
176 : N->tY;N             
177 : Y->vi               
180 : N->i=E;N            
182 : E->iM               
183 : M->#E               
184 : E->iM               
185 : M->                 
186 : N->wE;N             
187 : E->lM               
188 : M->                 
189 : N->wE;N             
190 : E->iM               
191 : M->                 
192 : N->                 
193 : U->i                
196 : S->tfi(F){NrU;}S    
200 : F->tP               
201 : P->pi               
205 : N->wE;N             
206 : E->lM               
207 : M->                 
208 : N->s(i)I            
212 : I->{AD}N            
213 : A->a(l):{N}A        
219 : N->wE;N             
220 : E->lM               
221 : M->                 
222 : N->tY;N             
223 : Y->vi               
226 : N->i=E;N            
228 : E->lM               
229 : M->                 
230 : N->tY;N             
231 : Y->vi               
234 : N->i=E;N            
236 : E->lM               
237 : M->                 
238 : N->wE;N             
239 : E->lM               
240 : M->                 
241 : N->wE;N             
242 : E->iM               
243 : M->                 
244 : N->wE;N             
245 : E->lM               
246 : M->                 
247 : N->wE;N             
248 : E->iM               
249 : M->                 
250 : N->                 
251 : A->a(l):{Nk;}       
257 : N->wE;N             
258 : E->lM               
259 : M->                 
260 : N->tY;N             
261 : Y->vi               
264 : N->i=E;N            
266 : E->i(W)M            
268 : W->                 
269 : M->                 
270 : N->wE;N             
271 : E->lM               
272 : M->                 
273 : N->wE;N             
274 : E->iM               
275 : M->                 
276 : N->tY;N             
277 : Y->vi               
280 : N->i=E;N            
282 : E->i(W)M            
284 : W->l,W              
286 : W->l                
288 : M->                 
289 : N->wE;N             
290 : E->lM               
291 : M->                 
292 : N->wE;N             
293 : E->iM               
294 : M->                 
295 : N->                 
298 : D->u{Nk;}           
300 : N->wE;N             
301 : E->lM               
302 : M->                 
303 : N->                 
307 : N->                 
308 : U->i                
311 : S->m{N}S            
313 : N->tY;N             
314 : Y->vi               
317 : N->i=E;N            
319 : E->lM               
320 : M->                 
321 : N->wE;N             
322 : E->iM               
323 : M->                 
324 : N->tY;N             
325 : Y->vi               
328 : N->i=E;N            
330 : E->lM               
331 : M->                 
332 : N->tY;N             
333 : Y->vi               
336 : N->i=E;N            
338 : E->lM               
339 : M->                 
340 : N->i=E;N            
342 : E->i(W)M            
344 : W->i,W              
346 : W->i                
348 : M->                 
349 : N->wE;N             
350 : E->iM               
351 : M->                 
352 : N->wE;N             
353 : E->lM               
354 : M->                 
355 : N->tY;N             
356 : Y->vi               
359 : N->i=E;N            
361 : E->lM               
362 : M->                 
363 : N->tY;N             
364 : Y->vi               
367 : N->i=E;N            
369 : E->lM               
370 : M->                 
371 : N->i=E;N            
373 : E->i(W)M            
375 : W->i,W              
377 : W->i                
379 : M->                 
380 : N->wE;N             
381 : E->iM               
382 : M->                 
383 : N->i=E;N            
385 : E->lM               
386 : M->                 
387 : N->i=E;N            
389 : E->i(W)M            
391 : W->i,W              
393 : W->i                
395 : M->                 
396 : N->wE;N             
397 : E->iM               
398 : M->                 
399 : N->i=E;N            
401 : E->i(W)M            
403 : W->l                
405 : M->                 
406 : N->wE;N             
407 : E->iM               
408 : M->                 
409 : N->i=E;N            
411 : E->i(W)M            
413 : W->l                
415 : M->                 
416 : N->wE;N             
417 : E->iM               
418 : M->                 
419 : N->wE;N             
420 : E->lM               
421 : M->                 
422 : N->wE;N             
423 : E->iM               
424 : M->                 
425 : N->tY;N             
426 : Y->vi               
429 : N->i=E;N            
431 : E->i(W)M            
433 : W->l,W              
435 : W->l                
437 : M->                 
438 : N->wE;N             
439 : E->lM               
440 : M->                 
441 : N->wE;N             
442 : E->iM               
443 : M->                 
444 : N->tY;N             
445 : Y->vi=L             
448 : L->i(U)             
450 : U->l                
453 : N->wE;N             
454 : E->lM               
455 : M->                 
456 : N->wE;N             
457 : E->iM               
458 : M->                 
459 : N->tY;N             
460 : Y->vi=L             
463 : L->i(U)             
465 : U->l                
468 : N->wE;N             
469 : E->lM               
470 : M->                 
471 : N->wE;N             
472 : E->iM               
473 : M->                 
474 : N->wE;N             
475 : E->iM               
476 : M->                 
477 : N->wE;N             
478 : E->lM               
479 : M->                 
480 : N->wE;N             
481 : E->iM               
482 : M->                 
483 : N->tY;N             
484 : Y->vi               
487 : N->i=E;N            
489 : E->lM               
490 : M->                 
491 : N->tY;N             
492 : Y->vi               
495 : N->i=E;N            
497 : E->i(W)M            
499 : W->i                
501 : M->                 
502 : N->wE;N             
503 : E->lM               
504 : M->                 
505 : N->wE;N             
506 : E->iM               
507 : M->                 
508 : N->wE;N             
509 : E->lM               
510 : M->                 
511 : N->wE;N             
512 : E->iM               
513 : M->                 
514 : N->tY;N             
515 : Y->vi               
518 : N->i=E;N            
520 : E->i(W)M            
522 : W->i,W              
524 : W->i,W              
526 : W->l                
528 : M->                 
529 : N->wE;N             
530 : E->lM               
531 : M->                 
532 : N->wE;N             
533 : E->iM               
534 : M->                 
535 : N->wE;N             
536 : E->iM               
537 : M->                 
538 : N->wE;N             
539 : E->lM               
540 : M->                 
541 : N->tY;N             
542 : Y->vi=L             
545 : L->l                
547 : N->~KZN             
548 : K->(U<U)            
549 : U->i                
551 : U->l                
553 : Z->{N}              
554 : N->wE;N             
555 : E->iM               
556 : M->                 
557 : N->i=E;N            
559 : E->iM               
560 : M->#E               
561 : E->lM               
562 : M->                 
563 : N->                 
564 : N->wE;N             
565 : E->iM               
566 : M->                 
567 : N->wE;N             
568 : E->lM               
569 : M->                 
570 : N->tY;N             
571 : Y->vi=L             
574 : L->l                
576 : N->wE;N             
577 : E->lM               
578 : M->                 
579 : N->?KJN             
580 : K->(U)              
581 : U->i                
583 : J->:{N}!{N}         
585 : N->wE;N             
586 : E->lM               
587 : M->                 
588 : N->                 
591 : N->wE;N             
592 : E->lM               
593 : M->                 
594 : N->                 
595 : N->                 
596 : S->                 

Программа успешно завершена!
